datetime,Price
2006-01-26,21.6
2006-01-27,21.75
2006-01-30,21.88
2006-01-31,22.03
2006-02-01,22.08
2006-02-02,22.3
2006-02-03,22.61
2006-02-06,23.16
2006-02-07,23.24
2006-02-08,23.31
2006-02-09,23.57
2006-02-10,23.68
2006-02-13,23.94
2006-02-14,24.18
2006-02-15,24.28
2006-02-16,24.67
2006-02-17,24.66
2006-02-20,24.89
2006-02-21,24.57
2006-02-22,24.81
2006-02-23,24.75
2006-02-24,24.67
2006-03-01,25.08
2006-03-02,25.32
2006-03-03,25.4
2006-03-06,25.03
2006-03-07,24.71
2006-03-08,24.48
2006-03-09,24.55
2006-03-10,24.66
2006-03-13,24.67
2006-03-14,24.64
2006-03-15,24.71
2006-03-16,24.8
2006-03-17,24.39
2006-03-20,23.91
2006-03-21,23.39
2006-03-22,23.43
2006-03-23,23.07
2006-03-24,23.12
2006-03-27,22.89
2006-03-28,22.54
2006-03-29,22.42
2006-03-30,22.77
2006-03-31,23.07
2006-04-03,23.41
2006-04-04,23.53
2006-04-05,23.64
2006-04-06,23.81
2006-04-07,23.59
2006-04-10,23.58
2006-04-11,23.87
2006-04-12,23.87
2006-04-13,23.96
2006-04-17,23.97
2006-04-18,24.11
2006-04-19,24.18
2006-04-20,24.02
2006-04-24,23.88
2006-04-25,23.66
2006-04-26,23.65
2006-04-27,23.69
2006-04-28,23.79
2006-05-02,23.97
2006-05-03,23.74
2006-05-04,23.81
2006-05-05,23.98
2006-05-08,23.69
2006-05-09,23.69
2006-05-10,23.53
2006-05-11,22.95
2006-05-12,22.31
2006-05-15,21.9
2006-05-16,22.41
2006-05-17,21.74
2006-05-18,21.99
2006-05-19,21.67
2006-05-22,20.91
2006-05-23,20.96
2006-05-24,20.09
2006-05-25,21.11
2006-05-26,21.78
2006-05-29,21.66
2006-05-30,21.44
2006-05-31,21.19
2006-06-01,21.92
2006-06-02,21.61
2006-06-05,21.96
2006-06-06,21.89
2006-06-07,22.08
2006-06-08,21.78
2006-06-09,21.94
2006-06-12,21.69
2006-06-13,21.58
2006-06-14,21.75
2006-06-16,22.0
2006-06-19,22.01
2006-06-20,22.05
2006-06-21,22.27
2006-06-22,22.22
2006-06-23,22.31
2006-06-26,22.44
2006-06-27,22.35
2006-06-28,22.61
2006-06-29,23.25
2006-06-30,23.29
2006-07-03,23.31
2006-07-04,23.47
2006-07-05,23.16
2006-07-06,23.33
2006-07-07,23.24
2006-07-10,23.55
2006-07-11,23.08
2006-07-12,22.93
2006-07-13,22.65
2006-07-14,22.73
2006-07-17,22.87
2006-07-18,23.02
2006-07-19,23.21
2006-07-20,23.05
2006-07-21,22.93
2006-07-24,22.82
2006-07-25,22.58
2006-07-26,22.68
2006-07-27,22.53
2006-07-28,22.44
2006-07-31,22.23
2006-08-01,22.12
2006-08-02,22.11
2006-08-03,22.11
2006-08-04,21.87
2006-08-07,21.74
2006-08-08,21.56
2006-08-09,21.5
2006-08-10,21.53
2006-08-11,21.45
2006-08-14,21.27
2006-08-15,20.9
2006-08-16,20.47
2006-08-17,20.15
2006-08-18,19.89
2006-08-21,20.0
2006-08-22,19.77
2006-08-23,19.3
2006-08-24,19.1
2006-08-25,18.93
2006-08-28,18.87
2006-08-29,18.56
2006-08-30,18.45
2006-08-31,18.37
2006-09-01,18.31
2006-09-04,18.12
2006-09-05,18.1
2006-09-06,17.8
2006-09-08,17.71
2006-09-11,17.42
2006-09-12,17.25
2006-09-13,17.31
2006-09-14,17.32
2006-09-15,17.53
2006-09-18,17.68
2006-09-19,17.56
2006-09-20,17.46
2006-09-21,17.27
2006-09-22,17.2
2006-09-25,17.02
2006-09-26,17.25
2006-09-27,17.33
2006-09-28,17.4
2006-09-29,17.41
2006-10-02,17.51
2006-10-03,17.31
2006-10-04,17.5
2006-10-05,17.47
2006-10-06,17.23
2006-10-09,17.35
2006-10-10,17.44
2006-10-11,17.3
2006-10-13,17.41
2006-10-16,17.5
2006-10-17,17.46
2006-10-18,17.45
2006-10-19,17.39
2006-10-20,17.39
2006-10-23,17.41
2006-10-24,17.34
2006-10-25,17.29
2006-10-26,17.28
2006-10-27,17.36
2006-10-30,17.24
2006-10-31,17.32
2006-11-01,17.27
2006-11-03,17.16
2006-11-06,17.09
2006-11-07,17.24
2006-11-08,17.13
2006-11-09,17.17
2006-11-10,16.88
2006-11-13,16.72
2006-11-14,16.94
2006-11-16,16.89
2006-11-17,16.82
2006-11-20,16.79
2006-11-21,16.88
2006-11-22,16.73
2006-11-23,16.8
2006-11-24,16.79
2006-11-27,16.54
2006-11-28,16.58
2006-11-29,16.7
2006-11-30,16.85
2006-12-01,16.82
2006-12-04,16.84
2006-12-05,17.0
2006-12-06,17.01
2006-12-07,17.06
2006-12-08,17.06
2006-12-11,17.15
2006-12-12,17.13
2006-12-13,17.24
2006-12-14,17.24
2006-12-15,17.19
2006-12-18,17.14
2006-12-19,17.13
2006-12-20,17.13
2006-12-21,17.18
2006-12-22,17.19
2006-12-26,17.21
2006-12-27,17.14
2006-12-28,17.24
2007-01-02,17.24
2007-01-03,17.14
2007-01-04,17.06
2007-01-05,17.02
2007-01-08,17.1
2007-01-09,17.18
2007-01-10,17.25
2007-01-11,17.24
2007-01-12,17.32
2007-01-15,17.32
2007-01-16,17.35
2007-01-17,17.34
2007-01-18,17.33
2007-01-19,17.33
2007-01-22,17.28
2007-01-23,17.29
2007-01-24,17.24
2007-01-25,17.11
2007-01-26,17.14
2007-01-29,17.02
2007-01-30,17.13
2007-01-31,17.03
2007-02-01,17.02
2007-02-02,16.94
2007-02-05,17.05
2007-02-06,16.97
2007-02-07,16.79
2007-02-08,16.76
2007-02-09,16.64
2007-02-12,16.63
2007-02-13,16.55
2007-02-14,16.64
2007-02-15,16.44
2007-02-16,16.51
2007-02-21,16.63
2007-02-22,16.63
2007-02-23,16.63
2007-02-26,16.56
2007-02-27,16.33
2007-02-28,16.32
2007-03-01,16.42
2007-03-02,16.32
2007-03-05,16.28
2007-03-06,16.45
2007-03-07,16.51
2007-03-08,16.54
2007-03-09,16.51
2007-03-12,16.57
2007-03-13,16.41
2007-03-14,16.48
2007-03-15,16.65
2007-03-16,16.61
2007-03-19,16.74
2007-03-20,16.77
2007-03-21,16.75
2007-03-22,16.8
2007-03-23,16.82
2007-03-26,16.75
2007-03-27,16.78
2007-03-28,16.74
2007-03-29,17.01
2007-03-30,16.81
2007-04-02,16.99
2007-04-03,17.11
2007-04-04,17.13
2007-04-05,17.13
2007-04-09,17.19
2007-04-10,17.04
2007-04-11,16.92
2007-04-12,16.83
2007-04-13,16.96
2007-04-16,16.82
2007-04-17,16.62
2007-04-18,16.55
2007-04-19,16.56
2007-04-20,16.47
2007-04-23,16.37
2007-04-24,16.25
2007-04-25,16.34
2007-04-26,16.24
2007-04-27,15.98
2007-04-30,15.8
2007-05-02,15.68
2007-05-03,15.48
2007-05-04,15.25
2007-05-07,15.22
2007-05-08,15.12
2007-05-09,15.12
2007-05-10,14.62
2007-05-11,14.43
2007-05-14,14.41
2007-05-15,14.38
2007-05-16,14.56
2007-05-17,14.42
2007-05-18,14.16
2007-05-21,14.05
2007-05-22,14.03
2007-05-23,13.87
2007-05-24,13.59
2007-05-25,13.82
2007-05-28,13.75
2007-05-29,13.65
2007-05-30,13.67
2007-05-31,13.78
2007-06-01,13.83
2007-06-04,13.66
2007-06-05,13.47
2007-06-06,13.39
2007-06-08,13.17
2007-06-11,13.16
2007-06-12,13.03
2007-06-13,12.95
2007-06-14,13.01
2007-06-15,12.98
2007-06-18,12.87
2007-06-19,12.79
2007-06-20,12.6
2007-06-21,12.66
2007-06-22,12.47
2007-06-25,12.41
2007-06-26,12.37
2007-06-27,12.33
2007-06-28,12.46
2007-06-29,12.42
2007-07-02,12.49
2007-07-03,12.56
2007-07-04,12.51
2007-07-05,12.5
2007-07-06,12.59
2007-07-10,12.7
2007-07-11,12.73
2007-07-12,12.89
2007-07-13,12.96
2007-07-16,12.93
2007-07-17,13.21
2007-07-18,13.22
2007-07-19,13.24
2007-07-20,13.23
2007-07-23,13.32
2007-07-24,13.21
2007-07-25,13.19
2007-07-26,12.78
2007-07-27,13.1
2007-07-30,13.38
2007-07-31,13.38
2007-08-01,13.31
2007-08-02,13.45
2007-08-03,13.3
2007-08-06,13.34
2007-08-07,13.37
2007-08-08,13.52
2007-08-09,13.22
2007-08-10,13.06
2007-08-13,13.07
2007-08-14,12.72
2007-08-15,12.39
2007-08-16,12.02
2007-08-17,12.36
2007-08-20,12.25
2007-08-21,12.19
2007-08-22,12.34
2007-08-23,12.55
2007-08-24,12.89
2007-08-27,12.85
2007-08-28,12.55
2007-08-29,12.78
2007-08-30,12.68
2007-08-31,12.82
2007-09-03,12.89
2007-09-04,12.93
2007-09-05,12.88
2007-09-06,13.03
2007-09-10,13.06
2007-09-11,13.13
2007-09-12,13.24
2007-09-13,13.31
2007-09-14,13.31
2007-09-17,13.13
2007-09-18,13.45
2007-09-19,13.44
2007-09-20,13.34
2007-09-21,13.44
2007-09-24,13.33
2007-09-25,13.32
2007-09-26,13.37
2007-09-27,13.4
2007-09-28,13.37
2007-10-01,13.47
2007-10-02,13.42
2007-10-03,13.22
2007-10-04,13.21
2007-10-05,13.22
2007-10-08,13.2
2007-10-09,13.27
2007-10-10,13.28
2007-10-11,13.27
2007-10-15,13.19
2007-10-16,13.05
2007-10-17,13.05
2007-10-18,13.3
2007-10-19,13.15
2007-10-22,13.1
2007-10-23,13.24
2007-10-24,13.17
2007-10-25,13.23
2007-10-26,13.35
2007-10-29,13.43
2007-10-30,13.37
2007-10-31,13.52
2007-11-01,13.5
2007-11-05,13.37
2007-11-06,13.45
2007-11-07,13.36
2007-11-08,13.33
2007-11-09,13.28
2007-11-12,13.12
2007-11-13,13.02
2007-11-14,13.28
2007-11-16,13.21
2007-11-19,13.09
2007-11-20,13.11
2007-11-21,13.07
2007-11-22,13.04
2007-11-23,12.83
2007-11-26,12.7
2007-11-27,12.67
2007-11-28,13.0
2007-11-29,12.99
2007-11-30,13.0
2007-12-03,13.06
2007-12-04,12.96
2007-12-05,13.05
2007-12-06,13.15
2007-12-07,13.34
2007-12-10,13.31
2007-12-11,13.37
2007-12-12,13.26
2007-12-13,13.27
2007-12-14,13.21
2007-12-17,13.02
2007-12-18,13.01
2007-12-19,13.16
2007-12-20,13.17
2007-12-21,13.25
2007-12-26,13.49
2007-12-27,13.56
2007-12-28,13.46
2008-01-02,13.6
2008-01-03,13.76
2008-01-04,13.76
2008-01-07,13.8
2008-01-08,13.78
2008-01-09,13.77
2008-01-10,13.86
2008-01-11,14.03
2008-01-14,14.28
2008-01-15,14.16
2008-01-16,14.11
2008-01-17,14.11
2008-01-18,14.1
2008-01-21,13.87
2008-01-22,14.37
2008-01-23,14.09
2008-01-24,14.4
2008-01-25,14.41
2008-01-28,14.51
2008-01-29,14.49
2008-01-30,14.52
2008-01-31,14.67
2008-02-01,14.89
2008-02-06,14.85
2008-02-07,14.81
2008-02-08,14.65
2008-02-11,14.81
2008-02-12,14.9
2008-02-13,14.92
2008-02-14,14.92
2008-02-15,14.85
2008-02-18,15.02
2008-02-19,15.03
2008-02-20,15.16
2008-02-21,15.4
2008-02-22,15.47
2008-02-25,15.42
2008-02-26,15.76
2008-02-27,15.84
2008-02-28,15.91
2008-02-29,15.77
2008-03-03,16.0
2008-03-04,15.88
2008-03-05,16.02
2008-03-06,16.12
2008-03-07,16.07
2008-03-10,15.94
2008-03-11,16.1
2008-03-12,16.26
2008-03-13,16.06
2008-03-14,15.97
2008-03-17,15.86
2008-03-18,16.33
2008-03-19,16.07
2008-03-20,15.98
2008-03-24,15.96
2008-03-25,16.01
2008-03-26,16.17
2008-03-27,16.18
2008-03-28,16.08
2008-03-31,16.14
2008-04-01,16.11
2008-04-02,16.21
2008-04-03,16.4
2008-04-04,16.45
2008-04-07,16.66
2008-04-08,16.7
2008-04-09,16.69
2008-04-10,16.65
2008-04-11,16.69
2008-04-14,16.77
2008-04-15,16.82
2008-04-16,17.0
2008-04-17,17.12
2008-04-18,16.93
2008-04-22,16.97
2008-04-23,16.88
2008-04-24,16.7
2008-04-25,16.78
2008-04-28,16.5
2008-04-29,16.26
2008-04-30,16.64
2008-05-02,16.66
2008-05-05,16.62
2008-05-06,16.51
2008-05-07,16.16
2008-05-08,16.02
2008-05-09,15.94
2008-05-12,16.07
2008-05-13,16.14
2008-05-14,16.06
2008-05-15,16.02
2008-05-16,16.15
2008-05-19,16.12
2008-05-20,16.1
2008-05-21,15.98
2008-05-23,15.92
2008-05-26,15.95
2008-05-27,15.65
2008-05-28,15.79
2008-05-29,16.04
2008-05-30,16.06
2008-06-02,16.04
2008-06-03,16.11
2008-06-04,16.05
2008-06-05,16.12
2008-06-06,15.95
2008-06-09,16.08
2008-06-10,15.87
2008-06-11,15.92
2008-06-12,15.93
2008-06-13,15.95
2008-06-16,16.09
2008-06-17,16.34
2008-06-18,16.26
2008-06-19,16.25
2008-06-20,16.21
2008-06-23,16.16
2008-06-24,16.33
2008-06-25,16.47
2008-06-26,16.4
2008-06-27,16.43
2008-06-30,16.44
2008-07-01,16.29
2008-07-02,16.4
2008-07-03,16.35
2008-07-04,16.43
2008-07-07,16.67
2008-07-08,16.53
2008-07-10,16.67
2008-07-11,16.91
2008-07-14,16.99
2008-07-15,17.21
2008-07-16,17.19
2008-07-17,17.16
2008-07-18,17.27
2008-07-21,17.5
2008-07-22,17.58
2008-07-23,17.58
2008-07-24,17.57
2008-07-25,17.77
2008-07-28,17.71
2008-07-29,17.89
2008-07-30,18.03
2008-07-31,18.1
2008-08-01,18.09
2008-08-04,18.12
2008-08-05,17.98
2008-08-06,18.09
2008-08-07,17.94
2008-08-08,17.8
2008-08-11,17.82
2008-08-12,17.73
2008-08-13,17.83
2008-08-14,17.73
2008-08-15,17.55
2008-08-18,17.64
2008-08-19,17.87
2008-08-20,18.0
2008-08-21,18.25
2008-08-22,18.11
2008-08-25,17.99
2008-08-26,18.13
2008-08-27,18.41
2008-08-28,18.33
2008-08-29,18.34
2008-09-01,18.35
2008-09-02,18.22
2008-09-03,18.15
2008-09-04,17.8
2008-09-05,17.82
2008-09-08,17.69
2008-09-09,17.37
2008-09-10,17.31
2008-09-11,17.03
2008-09-12,17.37
2008-09-15,17.04
2008-09-16,16.99
2008-09-17,16.51
2008-09-18,16.05
2008-09-19,16.88
2008-09-22,17.26
2008-09-23,16.89
2008-09-24,16.73
2008-09-25,17.01
2008-09-26,16.77
2008-09-29,15.77
2008-09-30,16.33
2008-10-01,16.19
2008-10-02,15.38
2008-10-03,15.25
2008-10-06,14.15
2008-10-07,13.51
2008-10-08,13.71
2008-10-09,14.29
2008-10-10,13.47
2008-10-13,14.58
2008-10-14,14.82
2008-10-15,14.42
2008-10-16,14.42
2008-10-17,14.74
2008-10-20,14.77
2008-10-21,13.98
2008-10-22,13.11
2008-10-23,13.38
2008-10-24,13.29
2008-10-27,13.83
2008-10-28,14.21
2008-10-29,14.49
2008-10-30,14.71
2008-10-31,14.34
2008-11-03,14.23
2008-11-04,14.55
2008-11-05,14.46
2008-11-06,13.93
2008-11-07,14.21
2008-11-10,14.0
2008-11-11,13.79
2008-11-12,13.41
2008-11-13,12.94
2008-11-14,13.52
2008-11-17,13.49
2008-11-18,13.18
2008-11-19,12.9
2008-11-20,12.77
2008-11-21,12.47
2008-11-24,13.26
2008-11-25,13.27
2008-11-26,13.66
2008-11-27,13.49
2008-11-28,13.27
2008-12-01,13.27
2008-12-02,12.88
2008-12-03,12.42
2008-12-04,12.21
2008-12-05,12.45
2008-12-08,12.39
2008-12-09,12.6
2008-12-10,12.83
2008-12-11,13.34
2008-12-12,13.31
2008-12-15,13.28
2008-12-16,13.45
2008-12-17,13.64
2008-12-18,13.73
2008-12-19,13.78
2008-12-22,13.61
2008-12-23,13.71
2008-12-26,13.82
2008-12-29,13.61
2008-12-30,14.11
2009-01-02,14.16
2009-01-06,15.32
2009-01-07,14.89
2009-01-08,14.68
2009-01-09,14.88
2009-01-12,14.94
2009-01-13,14.9
2009-01-14,15.06
2009-01-15,14.99
2009-01-16,15.52
2009-01-19,16.02
2009-01-20,15.96
2009-01-21,16.29
2009-01-22,16.67
2009-01-23,16.72
2009-01-26,17.14
2009-01-27,17.16
2009-01-28,17.83
2009-01-29,17.82
2009-01-30,17.89
2009-02-03,18.34
2009-02-04,18.51
2009-02-05,18.75
2009-02-06,19.42
2009-02-09,19.63
2009-02-10,19.31
2009-02-11,19.35
2009-02-12,19.53
2009-02-13,19.91
2009-02-16,19.8
2009-02-17,19.7
2009-02-18,19.61
2009-02-19,19.68
2009-02-20,19.43
2009-02-25,19.58
2009-02-26,19.9
2009-02-27,19.79
2009-03-02,19.28
2009-03-03,19.67
2009-03-04,20.12
2009-03-05,20.03
2009-03-06,20.32
2009-03-09,20.46
2009-03-11,20.78
2009-03-12,21.27
2009-03-13,21.44
2009-03-16,21.64
2009-03-17,21.61
2009-03-18,21.92
2009-03-19,22.07
2009-03-20,21.85
2009-03-23,22.06
2009-03-24,21.86
2009-03-25,21.73
2009-03-26,21.14
2009-03-27,20.41
2009-03-30,20.12
2009-03-31,20.18
2009-04-01,20.52
2009-04-02,21.0
2009-04-03,21.34
2009-04-06,21.21
2009-04-07,21.27
2009-04-08,21.35
2009-04-09,21.54
2009-04-13,21.61
2009-04-14,21.37
2009-04-15,21.38
2009-04-16,21.48
2009-04-17,21.34
2009-04-20,20.59
2009-04-22,20.77
2009-04-23,20.66
2009-04-24,20.91
2009-04-27,20.59
2009-04-28,20.81
2009-04-29,21.05
2009-04-30,20.86
2009-05-04,21.44
2009-05-05,21.19
2009-05-06,21.55
2009-05-07,21.46
2009-05-08,21.85
2009-05-11,21.86
2009-05-12,21.59
2009-05-13,21.01
2009-05-14,21.2
2009-05-18,21.27
2009-05-19,21.68
2009-05-20,21.82
2009-05-22,21.88
2009-05-25,21.79
2009-05-26,21.87
2009-05-27,21.95
2009-05-28,22.0
2009-05-29,22.37
2009-06-01,22.51
2009-06-02,22.83
2009-06-03,22.22
2009-06-04,22.44
2009-06-05,22.36
2009-06-08,22.25
2009-06-09,22.13
2009-06-12,22.14
2009-06-15,21.62
2009-06-16,21.25
2009-06-17,21.34
2009-06-18,21.01
2009-06-19,20.79
2009-06-22,20.16
2009-06-23,20.69
2009-06-24,20.66
2009-06-25,21.13
2009-06-26,21.17
2009-06-29,20.89
2009-06-30,20.95
2009-07-01,21.31
2009-07-02,21.09
2009-07-03,21.13
2009-07-06,21.09
2009-07-07,20.82
2009-07-08,20.56
2009-07-10,20.51
2009-07-13,20.71
2009-07-14,20.93
2009-07-15,21.38
2009-07-16,21.43
2009-07-17,21.49
2009-07-20,21.67
2009-07-21,21.78
2009-07-22,21.93
2009-07-23,22.06
2009-07-24,22.0
2009-07-27,22.3
2009-07-28,22.18
2009-07-29,21.92
2009-07-30,22.31
2009-07-31,22.49
2009-08-03,22.89
2009-08-04,23.07
2009-08-05,23.3
2009-08-06,22.99
2009-08-07,23.2
2009-08-10,23.05
2009-08-11,23.26
2009-08-12,23.82
2009-08-13,24.0
2009-08-14,24.01
2009-08-17,24.04
2009-08-18,24.65
2009-08-19,24.74
2009-08-20,25.02
2009-08-21,25.63
2009-08-24,25.53
2009-08-25,25.94
2009-08-26,26.2
2009-08-27,26.98
2009-08-28,26.87
2009-08-31,27.29
2009-09-01,27.28
2009-09-02,28.17
2009-09-03,28.73
2009-09-04,29.28
2009-09-08,29.64
2009-09-09,29.68
2009-09-10,30.29
2009-09-11,30.24
2009-09-14,30.53
2009-09-15,30.86
2009-09-16,31.11
2009-09-17,31.11
2009-09-18,31.1
2009-09-21,31.13
2009-09-22,31.35
2009-09-23,31.64
2009-09-24,31.4
2009-09-25,31.66
2009-09-28,31.85
2009-09-29,31.82
2009-09-30,32.27
2009-10-01,31.9
2009-10-02,32.32
2009-10-05,32.52
2009-10-06,32.68
2009-10-07,32.76
2009-10-08,33.07
2009-10-09,32.84
2009-10-13,33.21
2009-10-14,33.37
2009-10-15,33.58
2009-10-16,33.4
2009-10-19,33.41
2009-10-20,32.85
2009-10-21,33.34
2009-10-22,33.41
2009-10-23,33.57
2009-10-26,32.82
2009-10-27,32.91
2009-10-28,32.56
2009-10-29,33.09
2009-10-30,32.71
2009-11-03,32.82
2009-11-04,33.26
2009-11-05,33.27
2009-11-06,33.18
2009-11-09,33.54
2009-11-10,32.93
2009-11-11,32.94
2009-11-12,32.64
2009-11-13,32.95
2009-11-16,32.76
2009-11-17,32.55
2009-11-18,32.66
2009-11-19,32.06
2009-11-20,31.94
2009-11-23,32.07
2009-11-24,32.04
2009-11-25,31.98
2009-11-26,31.73
2009-11-27,31.83
2009-11-30,31.63
2009-12-01,32.35
2009-12-02,32.29
2009-12-03,32.61
2009-12-04,32.47
2009-12-07,32.66
2009-12-08,32.09
2009-12-09,31.99
2009-12-10,32.26
2009-12-11,32.68
2009-12-14,33.22
2009-12-15,32.93
2009-12-16,33.22
2009-12-17,33.16
2009-12-18,33.43
2009-12-21,33.81
2009-12-22,34.35
2009-12-23,35.39
2009-12-28,36.41
2009-12-29,36.43
2009-12-30,37.01
2010-01-04,38.21
2010-01-05,38.5
2010-01-06,39.19
2010-01-07,39.87
2010-01-08,41.02
2010-01-11,40.93
2010-01-12,40.81
2010-01-13,40.35
2010-01-14,40.21
2010-01-15,40.38
2010-01-18,40.7
2010-01-19,40.36
2010-01-20,39.88
2010-01-21,40.0
2010-01-22,39.71
2010-01-25,39.65
2010-01-26,39.32
2010-01-27,38.72
2010-01-28,38.57
2010-01-29,38.34
2010-02-01,38.8
2010-02-02,39.59
2010-02-03,39.13
2010-02-04,38.32
2010-02-05,38.35
2010-02-08,38.71
2010-02-09,39.23
2010-02-10,39.2
2010-02-11,39.2
2010-02-12,38.93
2010-02-17,39.84
2010-02-18,39.84
2010-02-19,40.36
2010-02-22,40.04
2010-02-23,39.68
2010-02-24,39.69
2010-02-25,39.76
2010-02-26,40.26
2010-03-01,40.39
2010-03-02,40.68
2010-03-03,40.4
2010-03-04,40.14
2010-03-05,40.17
2010-03-08,39.78
2010-03-09,39.76
2010-03-10,39.27
2010-03-11,39.55
2010-03-12,39.3
2010-03-15,39.41
2010-03-16,39.32
2010-03-17,39.21
2010-03-18,38.76
2010-03-19,38.45
2010-03-22,38.13
2010-03-23,38.3
2010-03-24,37.89
2010-03-25,37.84
2010-03-26,37.0
2010-03-29,37.34
2010-03-30,37.25
2010-03-31,37.68
2010-04-01,37.98
2010-04-05,37.83
2010-04-06,38.48
2010-04-07,37.96
2010-04-08,38.26
2010-04-09,38.16
2010-04-12,38.35
2010-04-13,38.29
2010-04-14,38.32
2010-04-15,37.79
2010-04-16,37.54
2010-04-19,37.16
2010-04-20,35.79
2010-04-22,35.41
2010-04-23,35.15
2010-04-26,33.36
2010-04-27,32.71
2010-04-28,32.76
2010-04-29,31.78
2010-04-30,31.16
2010-05-03,30.3
2010-05-04,29.2
2010-05-05,27.53
2010-05-06,25.98
2010-05-07,25.63
2010-05-10,25.98
2010-05-11,24.33
2010-05-12,24.26
2010-05-13,23.93
2010-05-14,23.43
2010-05-17,23.05
2010-05-18,22.72
2010-05-19,22.21
2010-05-20,21.84
2010-05-21,21.87
2010-05-24,22.02
2010-05-25,22.08
2010-05-26,22.25
2010-05-27,22.58
2010-05-28,22.88
2010-05-31,22.66
2010-06-01,22.25
2010-06-02,22.24
2010-06-04,21.7
2010-06-07,21.56
2010-06-08,21.95
2010-06-09,21.93
2010-06-10,22.5
2010-06-11,22.27
2010-06-14,22.12
2010-06-15,22.32
2010-06-16,22.57
2010-06-17,22.57
2010-06-18,22.76
2010-06-21,22.71
2010-06-22,22.6
2010-06-23,22.5
2010-06-24,22.59
2010-06-25,22.67
2010-06-28,22.7
2010-06-29,22.14
2010-06-30,22.29
2010-07-01,22.39
2010-07-02,22.66
2010-07-05,22.7
2010-07-06,22.44
2010-07-07,22.82
2010-07-08,22.75
2010-07-12,22.79
2010-07-13,22.95
2010-07-14,22.85
2010-07-15,22.85
2010-07-16,22.81
2010-07-19,22.89
2010-07-20,23.14
2010-07-21,23.03
2010-07-22,23.42
2010-07-23,23.38
2010-07-26,23.31
2010-07-27,23.47
2010-07-28,23.77
2010-07-30,24.56
2010-08-02,24.55
2010-08-03,24.71
2010-08-04,25.28
2010-08-05,25.37
2010-08-06,25.33
2010-08-09,25.42
2010-08-10,25.44
2010-08-11,25.31
2010-08-12,25.72
2010-08-13,25.81
2010-08-16,26.63
2010-08-17,26.82
2010-08-18,26.89
2010-08-19,27.1
2010-08-20,27.16
2010-08-24,27.18
2010-08-26,27.57
2010-08-27,27.67
2010-08-30,27.71
2010-08-31,28.13
2010-09-01,28.49
2010-09-02,28.9
2010-09-03,29.16
2010-09-06,29.4
2010-09-08,29.64
2010-09-09,29.87
2010-09-10,30.19
2010-09-13,30.81
2010-09-14,32.2
2010-09-15,32.28
2010-09-16,33.07
2010-09-17,33.57
2010-09-20,33.9
2010-09-21,34.53
2010-09-22,35.11
2010-09-23,35.77
2010-09-24,36.34
2010-09-27,36.99
2010-09-28,37.69
2010-09-29,38.53
2010-09-30,39.19
2010-10-01,40.08
2010-10-04,40.05
2010-10-05,40.97
2010-10-06,41.25
2010-10-07,41.65
2010-10-08,42.82
2010-10-11,42.85
2010-10-13,43.28
2010-10-14,43.08
2010-10-15,43.21
2010-10-18,43.46
2010-10-19,42.91
2010-10-20,43.27
2010-10-21,42.86
2010-10-22,42.93
2010-10-25,43.3
2010-10-26,43.15
2010-10-27,42.86
2010-10-28,43.44
2010-10-29,43.76
2010-11-01,43.68
2010-11-03,43.91
2010-11-04,44.28
2010-11-05,44.52
2010-11-08,44.76
2010-11-09,44.15
2010-11-10,44.36
2010-11-11,44.35
2010-11-12,43.55
2010-11-16,43.12
2010-11-17,43.52
2010-11-18,44.1
2010-11-19,43.54
2010-11-22,43.18
2010-11-23,43.19
2010-11-24,43.79
2010-11-25,44.18
2010-11-26,44.02
2010-11-29,43.83
2010-11-30,44.06
2010-12-01,44.27
2010-12-02,43.96
2010-12-03,44.8
2010-12-06,45.17
2010-12-07,45.28
2010-12-08,44.38
2010-12-10,43.71
2010-12-13,43.97
2010-12-14,44.25
2010-12-15,44.18
2010-12-16,43.89
2010-12-17,43.88
2010-12-20,44.29
2010-12-21,44.54
2010-12-22,44.93
2010-12-23,44.77
2010-12-27,44.97
2010-12-28,45.07
2010-12-29,45.51
2010-12-30,45.87
2011-01-03,46.31
2011-01-04,45.79
2011-01-05,45.58
2011-01-06,44.93
2011-01-10,45.13
2011-01-11,45.06
2011-01-12,45.62
2011-01-13,45.83
2011-01-17,45.22
2011-01-18,45.52
2011-01-19,45.78
2011-01-20,46.01
2011-01-24,45.75
2011-01-25,45.51
2011-01-26,45.85
2011-01-27,45.3
2011-01-28,45.24
2011-01-31,45.35
2011-02-01,45.98
2011-02-02,46.08
2011-02-03,46.09
2011-02-04,45.92
2011-02-07,45.21
2011-02-08,45.93
2011-02-09,45.61
2011-02-10,44.93
2011-02-11,45.51
2011-02-14,45.29
2011-02-15,45.1
2011-02-16,44.75
2011-02-17,45.02
2011-02-18,44.81
2011-02-21,44.58
2011-02-22,44.44
2011-02-23,44.07
2011-02-24,43.67
2011-02-28,43.85
2011-03-01,43.82
2011-03-02,44.34
2011-03-03,44.15
2011-03-04,44.21
2011-03-09,43.63
2011-03-10,43.45
2011-03-11,43.05
2011-03-14,42.85
2011-03-15,42.46
2011-03-16,42.19
2011-03-17,41.64
2011-03-18,42.1
2011-03-21,41.87
2011-03-22,41.83
2011-03-23,42.09
2011-03-24,42.12
2011-03-25,41.84
2011-03-28,41.2
2011-03-29,41.21
2011-03-30,41.31
2011-03-31,41.5
2011-04-01,42.04
2011-04-04,41.72
2011-04-05,42.2
2011-04-06,41.96
2011-04-07,42.44
2011-04-08,42.68
2011-04-11,42.36
2011-04-12,41.86
2011-04-13,42.08
2011-04-14,42.03
2011-04-15,42.1
2011-04-18,41.51
2011-04-19,41.64
2011-04-20,41.87
2011-04-25,41.48
2011-04-26,41.61
2011-04-27,41.12
2011-04-28,40.49
2011-04-29,40.56
2011-05-02,40.37
2011-05-03,40.08
2011-05-04,39.69
2011-05-05,38.95
2011-05-06,38.89
2011-05-09,38.05
2011-05-10,38.22
2011-05-11,38.16
2011-05-12,37.99
2011-05-13,37.35
2011-05-16,37.16
2011-05-17,36.88
2011-05-18,37.05
2011-05-19,36.98
2011-05-20,36.05
2011-05-23,35.11
2011-05-24,34.8
2011-05-25,34.49
2011-05-26,34.76
2011-05-27,34.53
2011-05-30,34.44
2011-05-31,34.68
2011-06-01,34.24
2011-06-02,34.63
2011-06-03,34.16
2011-06-06,33.95
2011-06-07,34.04
2011-06-08,34.05
2011-06-09,33.99
2011-06-10,33.96
2011-06-13,34.12
2011-06-14,34.39
2011-06-15,34.17
2011-06-16,34.06
2011-06-17,34.39
2011-06-20,34.5
2011-06-21,34.86
2011-06-22,35.04
2011-06-24,34.97
2011-06-27,35.02
2011-06-28,35.71
2011-06-29,35.94
2011-06-30,36.35
2011-07-01,36.61
2011-07-04,37.24
2011-07-05,37.26
2011-07-06,37.44
2011-07-07,38.61
2011-07-08,38.94
2011-07-11,39.01
2011-07-12,40.04
2011-07-13,40.36
2011-07-14,41.06
2011-07-15,41.32
2011-07-18,41.48
2011-07-19,42.25
2011-07-20,43.17
2011-07-21,43.68
2011-07-22,43.97
2011-07-25,44.39
2011-07-26,44.61
2011-07-27,44.09
2011-07-28,44.0
2011-07-29,44.82
2011-08-01,44.64
2011-08-02,44.65
2011-08-03,44.24
2011-08-04,43.76
2011-08-05,43.62
2011-08-08,42.74
2011-08-09,42.85
2011-08-10,42.56
2011-08-11,42.52
2011-08-12,42.64
2011-08-15,43.26
2011-08-16,42.88
2011-08-17,42.75
2011-08-18,42.43
2011-08-19,42.58
2011-08-22,42.71
2011-08-23,42.6
2011-08-24,41.99
2011-08-25,42.11
2011-08-26,42.11
2011-08-29,42.65
2011-08-30,42.78
2011-08-31,42.44
2011-09-01,41.9
2011-09-02,41.22
2011-09-05,40.63
2011-09-06,40.3
2011-09-08,40.42
2011-09-09,39.47
2011-09-12,38.48
2011-09-13,38.56
2011-09-14,38.32
2011-09-15,38.2
2011-09-16,37.7
2011-09-19,37.03
2011-09-20,36.54
2011-09-21,35.4
2011-09-22,33.82
2011-09-23,34.28
2011-09-26,34.75
2011-09-27,34.83
2011-09-28,34.21
2011-09-29,33.76
2011-09-30,33.36
2011-10-03,33.21
2011-10-04,33.19
2011-10-05,34.08
2011-10-06,34.82
2011-10-07,35.23
2011-10-10,35.2
2011-10-11,35.29
2011-10-13,35.23
2011-10-14,35.99
2011-10-17,35.36
2011-10-18,35.58
2011-10-19,35.47
2011-10-20,34.97
2011-10-21,35.66
2011-10-24,36.05
2011-10-25,35.71
2011-10-26,35.93
2011-10-27,37.29
2011-10-28,37.61
2011-10-31,37.43
2011-11-01,36.5
2011-11-03,36.25
2011-11-04,36.54
2011-11-07,36.13
2011-11-08,36.17
2011-11-09,35.99
2011-11-10,36.41
2011-11-11,36.96
2011-11-14,36.59
2011-11-16,36.49
2011-11-17,36.07
2011-11-18,35.81
2011-11-21,35.45
2011-11-22,35.4
2011-11-23,34.34
2011-11-24,33.99
2011-11-25,33.95
2011-11-28,34.55
2011-11-29,34.79
2011-11-30,35.57
2011-12-01,35.64
2011-12-02,35.67
2011-12-05,35.9
2011-12-06,35.62
2011-12-07,35.55
2011-12-08,35.3
2011-12-09,35.31
2011-12-12,34.55
2011-12-13,34.48
2011-12-14,33.89
2011-12-15,34.3
2011-12-16,34.2
2011-12-19,34.06
2011-12-20,34.51
2011-12-21,34.05
2011-12-22,33.95
2011-12-23,33.77
2011-12-26,33.94
2011-12-27,33.85
2011-12-28,33.74
2011-12-29,33.92
2012-01-02,33.78
2012-01-03,34.54
2012-01-04,34.65
2012-01-05,34.25
2012-01-06,33.93
2012-01-09,33.89
2012-01-10,34.58
2012-01-11,34.69
2012-01-12,34.98
2012-01-13,34.62
2012-01-16,34.51
2012-01-17,34.47
2012-01-18,34.68
2012-01-19,34.7
2012-01-20,34.92
2012-01-23,35.13
2012-01-24,34.87
2012-01-25,34.94
2012-01-26,35.4
2012-01-27,35.41
2012-01-30,35.29
2012-01-31,35.28
2012-02-01,35.38
2012-02-02,35.62
2012-02-03,35.73
2012-02-06,34.89
2012-02-07,34.77
2012-02-08,34.64
2012-02-09,34.62
2012-02-10,34.24
2012-02-13,34.31
2012-02-14,34.0
2012-02-15,33.91
2012-02-16,33.96
2012-02-17,34.1
2012-02-22,34.23
2012-02-23,34.03
2012-02-24,34.09
2012-02-27,33.9
2012-02-28,33.9
2012-02-29,33.52
2012-03-01,33.69
2012-03-02,33.21
2012-03-05,33.09
2012-03-06,32.6
2012-03-07,32.4
2012-03-08,32.48
2012-03-09,32.25
2012-03-12,31.77
2012-03-13,31.67
2012-03-14,31.38
2012-03-15,31.49
2012-03-16,31.51
2012-03-19,31.49
2012-03-20,31.23
2012-03-21,31.34
2012-03-22,31.36
2012-03-23,31.75
2012-03-26,31.72
2012-03-27,31.75
2012-03-28,31.62
2012-03-29,31.81
2012-03-30,31.81
2012-04-02,31.8
2012-04-03,31.79
2012-04-04,31.88
2012-04-05,31.97
2012-04-09,32.16
2012-04-10,32.05
2012-04-11,31.95
2012-04-12,31.89
2012-04-13,31.15
2012-04-16,30.82
2012-04-17,30.47
2012-04-18,29.96
2012-04-19,29.46
2012-04-20,29.4
2012-04-23,29.07
2012-04-24,28.88
2012-04-25,28.84
2012-04-26,28.61
2012-04-27,28.35
2012-04-30,28.04
2012-05-02,27.67
2012-05-03,27.86
2012-05-04,27.89
2012-05-07,28.03
2012-05-08,27.9
2012-05-09,27.67
2012-05-10,27.86
2012-05-11,27.84
2012-05-14,27.46
2012-05-15,27.36
2012-05-16,27.47
2012-05-17,27.52
2012-05-18,27.24
2012-05-21,26.99
2012-05-22,26.52
2012-05-23,26.9
2012-05-24,27.0
2012-05-25,27.56
2012-05-28,27.74
2012-05-29,27.71
2012-05-30,27.3
2012-05-31,27.41
2012-06-01,27.08
2012-06-04,26.82
2012-06-05,27.3
2012-06-06,26.97
2012-06-08,27.03
2012-06-11,26.87
2012-06-12,26.92
2012-06-13,26.76
2012-06-14,26.86
2012-06-15,26.99
2012-06-18,26.73
2012-06-19,27.1
2012-06-20,26.97
2012-06-21,26.81
2012-06-22,26.75
2012-06-25,26.78
2012-06-26,26.5
2012-06-27,26.43
2012-06-28,26.51
2012-06-29,27.44
2012-07-02,27.89
2012-07-03,27.35
2012-07-04,27.02
2012-07-05,26.88
2012-07-06,26.76
2012-07-10,26.69
2012-07-11,26.95
2012-07-12,26.88
2012-07-13,27.16
2012-07-16,27.61
2012-07-17,28.04
2012-07-18,28.22
2012-07-19,28.65
2012-07-20,28.9
2012-07-23,29.04
2012-07-24,28.97
2012-07-25,29.17
2012-07-26,29.36
2012-07-27,29.37
2012-07-30,29.29
2012-07-31,29.12
2012-08-01,29.05
2012-08-02,28.85
2012-08-03,29.1
2012-08-06,28.94
2012-08-07,28.75
2012-08-08,28.74
2012-08-09,28.84
2012-08-10,28.72
2012-08-13,28.65
2012-08-14,28.39
2012-08-15,27.77
2012-08-16,27.45
2012-08-17,27.36
2012-08-20,27.37
2012-08-21,27.1
2012-08-22,26.96
2012-08-23,26.72
2012-08-24,26.51
2012-08-27,26.29
2012-08-28,26.23
2012-08-29,26.09
2012-08-30,25.93
2012-08-31,26.27
2012-09-03,26.27
2012-09-04,25.71
2012-09-05,25.48
2012-09-06,25.41
2012-09-10,25.15
2012-09-11,25.0
2012-09-12,24.99
2012-09-13,25.02
2012-09-14,24.75
2012-09-17,24.38
2012-09-18,24.59
2012-09-19,24.64
2012-09-20,24.56
2012-09-21,24.1
2012-09-24,23.74
2012-09-25,23.55
2012-09-26,23.39
2012-09-27,23.2
2012-09-28,23.3
2012-10-01,23.18
2012-10-02,23.2
2012-10-03,23.45
2012-10-04,23.7
2012-10-05,24.11
2012-10-08,24.51
2012-10-09,24.45
2012-10-10,24.55
2012-10-11,24.95
2012-10-15,25.33
2012-10-16,25.49
2012-10-17,25.76
2012-10-18,25.77
2012-10-19,25.82
2012-10-22,25.85
2012-10-23,25.57
2012-10-24,25.83
2012-10-25,25.76
2012-10-26,25.41
2012-10-29,25.1
2012-10-30,25.2
2012-10-31,25.18
2012-11-01,25.01
2012-11-05,24.72
2012-11-06,24.78
2012-11-07,24.75
2012-11-08,24.35
2012-11-09,24.25
2012-11-12,24.24
2012-11-13,24.06
2012-11-14,24.31
2012-11-16,24.33
2012-11-19,24.41
2012-11-20,24.39
2012-11-21,24.19
2012-11-22,24.05
2012-11-23,24.23
2012-11-26,24.19
2012-11-27,24.03
2012-11-28,23.86
2012-11-29,23.57
2012-11-30,23.25
2012-12-03,23.36
2012-12-04,23.37
2012-12-05,23.52
2012-12-06,23.62
2012-12-07,23.36
2012-12-10,23.5
2012-12-11,23.42
2012-12-12,23.61
2012-12-13,23.45
2012-12-14,23.14
2012-12-17,23.19
2012-12-18,23.41
2012-12-19,23.62
2012-12-20,23.97
2012-12-21,23.7
2012-12-26,24.14
2012-12-27,24.19
2012-12-28,24.58
2013-01-02,24.15
2013-01-03,24.17
2013-01-04,24.2
2013-01-07,24.38
2013-01-08,24.12
2013-01-09,24.13
2013-01-10,24.55
2013-01-11,24.3
2013-01-14,24.21
2013-01-15,24.16
2013-01-16,23.9
2013-01-17,23.87
2013-01-18,23.77
2013-01-21,23.81
2013-01-22,23.66
2013-01-23,23.73
2013-01-24,23.8
2013-01-25,23.74
2013-01-28,23.99
2013-01-29,24.1
2013-01-30,24.13
2013-01-31,24.23
2013-02-01,24.37
2013-02-04,24.32
2013-02-05,24.13
2013-02-06,24.05
2013-02-07,24.28
2013-02-08,24.14
2013-02-13,24.36
2013-02-14,24.56
2013-02-15,24.34
2013-02-18,24.71
2013-02-19,24.56
2013-02-20,24.51
2013-02-21,24.28
2013-02-22,24.36
2013-02-25,24.16
2013-02-26,23.92
2013-02-27,24.18
2013-02-28,24.17
2013-03-01,24.09
2013-03-04,24.25
2013-03-05,24.38
2013-03-06,24.24
2013-03-07,24.18
2013-03-08,24.26
2013-03-11,24.36
2013-03-12,24.17
2013-03-13,23.04
2013-03-14,22.46
2013-03-15,21.97
2013-03-18,21.74
2013-03-19,21.62
2013-03-20,21.53
2013-03-21,21.27
2013-03-22,21.16
2013-03-25,21.25
2013-03-26,21.2
2013-03-27,21.51
2013-03-28,21.33
2013-04-01,21.33
2013-04-02,21.23
2013-04-03,21.22
2013-04-04,21.17
2013-04-05,21.39
2013-04-08,21.47
2013-04-09,21.44
2013-04-10,21.72
2013-04-11,21.79
2013-04-12,22.11
2013-04-15,22.12
2013-04-16,22.48
2013-04-17,22.57
2013-04-18,22.44
2013-04-19,22.52
2013-04-22,22.58
2013-04-23,22.6
2013-04-24,22.71
2013-04-25,22.68
2013-04-26,22.76
2013-04-29,22.58
2013-04-30,22.69
2013-05-02,22.41
2013-05-03,22.43
2013-05-06,22.58
2013-05-07,22.64
2013-05-08,22.65
2013-05-09,22.37
2013-05-10,22.21
2013-05-13,22.4
2013-05-14,22.17
2013-05-15,22.03
2013-05-16,21.9
2013-05-17,21.65
2013-05-20,21.55
2013-05-21,21.47
2013-05-22,21.33
2013-05-23,21.35
2013-05-24,21.38
2013-05-27,21.43
2013-05-28,21.32
2013-05-29,20.99
2013-05-31,20.73
2013-06-03,21.07
2013-06-04,20.78
2013-06-05,20.68
2013-06-06,20.84
2013-06-07,20.7
2013-06-10,20.53
2013-06-11,20.51
2013-06-12,20.39
2013-06-13,20.39
2013-06-14,20.25
2013-06-17,20.06
2013-06-18,20.09
2013-06-19,19.91
2013-06-20,19.53
2013-06-21,19.79
2013-06-24,20.01
2013-06-25,20.22
2013-06-26,20.46
2013-06-27,20.56
2013-06-28,20.19
2013-07-01,20.2
2013-07-02,20.1
2013-07-03,19.95
2013-07-04,20.04
2013-07-05,20.0
2013-07-08,20.04
2013-07-10,19.95
2013-07-11,19.87
2013-07-12,19.8
2013-07-15,19.96
2013-07-16,19.63
2013-07-17,19.75
2013-07-18,19.72
2013-07-19,19.64
2013-07-22,19.68
2013-07-23,19.81
2013-07-24,19.47
2013-07-25,19.66
2013-07-26,19.49
2013-07-29,19.34
2013-07-30,19.12
2013-07-31,19.33
2013-08-01,19.21
2013-08-02,19.44
2013-08-05,19.33
2013-08-06,19.17
2013-08-07,18.99
2013-08-08,18.94
2013-08-09,18.84
2013-08-12,18.61
2013-08-13,18.45
2013-08-14,18.42
2013-08-15,18.3
2013-08-16,18.0
2013-08-19,17.91
2013-08-20,18.09
2013-08-21,17.89
2013-08-22,17.9
2013-08-23,18.49
2013-08-26,18.3
2013-08-27,18.57
2013-08-28,18.79
2013-08-29,18.5
2013-08-30,18.46
2013-09-02,18.62
2013-09-03,18.82
2013-09-04,18.92
2013-09-05,19.15
2013-09-06,19.29
2013-09-09,19.62
2013-09-10,19.56
2013-09-11,19.7
2013-09-12,19.74
2013-09-13,19.66
2013-09-16,19.75
2013-09-17,19.92
2013-09-18,20.64
2013-09-19,20.7
2013-09-20,20.54
2013-09-23,20.92
2013-09-24,21.02
2013-09-25,20.9
2013-09-26,20.91
2013-09-27,20.77
2013-09-30,21.26
2013-10-01,21.36
2013-10-02,22.0
2013-10-03,21.98
2013-10-04,22.05
2013-10-07,22.38
2013-10-08,22.45
2013-10-09,22.5
2013-10-10,22.91
2013-10-11,22.94
2013-10-14,23.13
2013-10-15,22.96
2013-10-16,23.27
2013-10-17,23.57
2013-10-18,23.81
2013-10-21,23.88
2013-10-22,24.05
2013-10-23,23.97
2013-10-24,23.84
2013-10-25,24.04
2013-10-28,24.15
2013-10-29,24.14
2013-10-30,24.05
2013-10-31,23.51
2013-11-01,23.19
2013-11-04,23.37
2013-11-05,22.73
2013-11-06,22.72
2013-11-07,22.38
2013-11-08,22.27
2013-11-11,22.13
2013-11-12,22.22
2013-11-13,22.35
2013-11-14,22.5
2013-11-18,23.01
2013-11-19,22.84
2013-11-21,22.43
2013-11-22,22.7
2013-11-25,22.66
2013-11-26,22.58
2013-11-27,22.5
2013-11-28,22.42
2013-11-29,22.1
2013-12-02,21.94
2013-12-03,21.79
2013-12-04,21.64
2013-12-05,21.78
2013-12-06,21.98
2013-12-09,21.99
2013-12-10,22.13
2013-12-11,21.82
2013-12-12,21.86
2013-12-13,21.76
2013-12-16,21.81
2013-12-17,22.0
2013-12-18,21.52
2013-12-19,21.51
2013-12-20,21.24
2013-12-23,21.4
2013-12-26,21.58
2013-12-27,21.77
2013-12-30,21.74
2014-01-02,21.32
2014-01-03,21.58
2014-01-06,21.57
2014-01-07,21.48
2014-01-08,21.35
2014-01-09,21.25
2014-01-10,21.42
2014-01-13,21.5
2014-01-14,21.42
2014-01-15,21.31
2014-01-16,21.28
2014-01-17,21.15
2014-01-20,21.19
2014-01-21,21.01
2014-01-22,20.96
2014-01-23,20.72
2014-01-24,20.73
2014-01-27,20.55
2014-01-28,20.58
2014-01-29,20.6
2014-01-30,20.63
2014-01-31,20.66
2014-02-03,20.49
2014-02-04,20.66
2014-02-05,20.75
2014-02-06,20.96
2014-02-07,21.06
2014-02-10,20.84
2014-02-11,20.72
2014-02-12,20.66
2014-02-13,20.82
2014-02-14,20.79
2014-02-17,20.91
2014-02-18,20.99
2014-02-19,21.14
2014-02-20,21.23
2014-02-21,21.41
2014-02-24,21.73
2014-02-25,21.91
2014-02-26,21.85
2014-02-27,22.23
2014-02-28,21.99
2014-03-05,22.34
2014-03-06,22.34
2014-03-07,22.06
2014-03-10,22.1
2014-03-11,21.95
2014-03-12,21.92
2014-03-13,21.96
2014-03-14,22.02
2014-03-17,21.99
2014-03-18,22.17
2014-03-19,22.08
2014-03-20,22.3
2014-03-21,22.34
2014-03-24,22.42
2014-03-25,22.55
2014-03-26,22.31
2014-03-27,22.85
2014-03-28,22.97
2014-03-31,22.88
2014-04-01,22.84
2014-04-02,22.79
2014-04-03,22.81
2014-04-04,23.2
2014-04-07,23.41
2014-04-08,23.43
2014-04-09,23.49
2014-04-10,23.36
2014-04-11,23.1
2014-04-14,23.23
2014-04-15,22.94
2014-04-16,23.07
2014-04-17,23.11
2014-04-22,22.99
2014-04-23,23.3
2014-04-24,23.25
2014-04-25,23.21
2014-04-28,23.29
2014-04-29,23.19
2014-04-30,23.11
2014-05-02,23.2
2014-05-05,23.06
2014-05-06,23.33
2014-05-07,23.39
2014-05-08,23.41
2014-05-09,23.34
2014-05-12,23.31
2014-05-13,23.24
2014-05-14,23.23
2014-05-15,23.21
2014-05-16,23.32
2014-05-19,23.17
2014-05-20,23.16
2014-05-21,23.19
2014-05-22,23.18
2014-05-23,23.14
2014-05-26,23.26
2014-05-27,23.0
2014-05-28,23.06
2014-05-29,22.78
2014-05-30,22.76
2014-06-02,22.52
2014-06-03,22.29
2014-06-04,22.02
2014-06-05,22.13
2014-06-06,22.32
2014-06-09,22.39
2014-06-10,22.39
2014-06-11,22.26
2014-06-13,22.24
2014-06-16,21.97
2014-06-17,21.85
2014-06-18,21.98
2014-06-20,22.07
2014-06-23,22.0
2014-06-24,21.97
2014-06-25,21.96
2014-06-26,22.19
2014-06-27,22.3
2014-06-30,22.11
2014-07-01,21.96
2014-07-02,21.82
2014-07-03,21.97
2014-07-04,21.79
2014-07-07,21.57
2014-07-08,21.56
2014-07-10,21.6
2014-07-11,21.48
2014-07-14,21.33
2014-07-15,21.05
2014-07-16,20.9
2014-07-17,20.72
2014-07-18,20.93
2014-07-21,20.98
2014-07-22,20.96
2014-07-23,20.97
2014-07-24,20.94
2014-07-25,20.73
2014-07-28,20.82
2014-07-29,20.67
2014-07-30,20.43
2014-07-31,20.3
2014-08-01,20.36
2014-08-04,20.27
2014-08-05,20.04
2014-08-06,20.23
2014-08-07,19.83
2014-08-08,19.87
2014-08-11,20.02
2014-08-12,20.05
2014-08-13,19.89
2014-08-14,20.02
2014-08-15,20.15
2014-08-18,20.16
2014-08-19,20.12
2014-08-20,20.14
2014-08-21,20.11
2014-08-22,19.9
2014-08-25,19.92
2014-08-26,20.07
2014-08-27,20.14
2014-08-28,20.23
2014-08-29,20.12
2014-09-01,20.12
2014-09-02,20.16
2014-09-03,20.37
2014-09-04,20.11
2014-09-05,20.08
2014-09-08,19.86
2014-09-09,19.53
2014-09-10,19.53
2014-09-11,19.55
2014-09-12,18.99
2014-09-15,19.0
2014-09-16,19.02
2014-09-17,18.88
2014-09-18,18.71
2014-09-19,18.68
2014-09-22,18.47
2014-09-23,18.37
2014-09-24,18.5
2014-09-25,18.3
2014-09-26,18.57
2014-09-29,18.55
2014-09-30,18.6
2014-10-01,18.3
2014-10-02,18.45
2014-10-03,18.63
2014-10-06,19.11
2014-10-07,19.34
2014-10-08,19.6
2014-10-09,19.57
2014-10-10,19.35
2014-10-13,19.67
2014-10-14,19.66
2014-10-15,19.44
2014-10-16,19.31
2014-10-17,19.62
2014-10-20,19.51
2014-10-21,19.59
2014-10-22,19.52
2014-10-23,19.41
2014-10-24,19.75
2014-10-27,19.29
2014-10-28,19.89
2014-10-29,19.96
2014-10-30,20.38
2014-10-31,19.86
2014-11-03,19.76
2014-11-04,19.73
2014-11-05,19.67
2014-11-06,19.59
2014-11-07,19.57
2014-11-10,19.82
2014-11-11,19.82
2014-11-12,19.87
2014-11-13,19.54
2014-11-14,19.55
2014-11-17,19.68
2014-11-18,19.94
2014-11-19,20.0
2014-11-21,20.6
2014-11-24,20.34
2014-11-25,20.46
2014-11-26,20.75
2014-11-27,20.69
2014-11-28,20.26
2014-12-01,20.44
2014-12-02,20.19
2014-12-03,20.39
2014-12-04,20.2
2014-12-05,20.16
2014-12-08,20.0
2014-12-09,20.12
2014-12-10,20.08
2014-12-11,19.73
2014-12-12,19.58
2014-12-15,19.38
2014-12-16,18.96
2014-12-17,19.26
2014-12-18,19.65
2014-12-19,19.62
2014-12-22,19.57
2014-12-23,19.22
2014-12-26,19.35
2014-12-29,19.21
2014-12-30,19.63
2015-01-02,19.33
2015-01-05,19.09
2015-01-06,19.1
2015-01-07,18.94
2015-01-08,19.13
2015-01-09,19.37
2015-01-12,19.12
2015-01-13,19.27
2015-01-14,19.48
2015-01-15,19.2
2015-01-16,19.37
2015-01-19,19.05
2015-01-20,19.33
2015-01-21,19.54
2015-01-22,19.86
2015-01-23,19.78
2015-01-26,19.78
2015-01-27,19.8
2015-01-28,19.75
2015-01-29,19.51
2015-01-30,18.99
2015-02-02,18.64
2015-02-03,18.81
2015-02-04,18.36
2015-02-05,18.28
2015-02-06,18.03
2015-02-09,17.99
2015-02-10,17.62
2015-02-11,17.39
2015-02-12,17.65
2015-02-13,17.7
2015-02-18,17.58
2015-02-19,17.51
2015-02-20,17.41
2015-02-23,17.49
2015-02-24,17.63
2015-02-25,17.43
2015-02-26,17.35
2015-02-27,17.48
2015-03-02,17.42
2015-03-03,17.31
2015-03-04,16.97
2015-03-05,16.72
2015-03-06,16.56
2015-03-09,16.28
2015-03-10,16.4
2015-03-11,16.4
2015-03-12,16.24
2015-03-13,15.72
2015-03-16,15.85
2015-03-17,15.73
2015-03-18,15.87
2015-03-19,15.53
2015-03-20,15.84
2015-03-23,16.2
2015-03-24,16.29
2015-03-25,15.94
2015-03-26,15.98
2015-03-27,15.81
2015-03-30,15.9
2015-03-31,16.04
2015-04-01,16.26
2015-04-02,16.53
2015-04-06,16.57
2015-04-07,16.66
2015-04-08,16.88
2015-04-09,16.79
2015-04-10,16.71
2015-04-13,16.47
2015-04-14,16.8
2015-04-15,16.96
2015-04-16,17.08
2015-04-17,16.82
2015-04-20,17.04
2015-04-22,17.12
2015-04-23,17.35
2015-04-24,17.49
2015-04-27,17.66
2015-04-28,17.6
2015-04-29,17.45
2015-04-30,17.09
2015-05-04,16.7
2015-05-05,16.75
2015-05-06,16.91
2015-05-07,16.95
2015-05-08,17.14
2015-05-11,16.86
2015-05-12,17.02
2015-05-13,16.89
2015-05-14,17.18
2015-05-15,17.22
2015-05-18,17.02
2015-05-19,17.01
2015-05-20,17.19
2015-05-21,16.9
2015-05-22,16.54
2015-05-25,16.47
2015-05-26,16.1
2015-05-27,16.04
2015-05-28,15.91
2015-05-29,15.71
2015-06-01,15.75
2015-06-02,15.98
2015-06-03,16.03
2015-06-05,16.01
2015-06-08,16.29
2015-06-09,16.38
2015-06-10,16.2
2015-06-11,16.18
2015-06-12,16.02
2015-06-15,15.85
2015-06-16,15.92
2015-06-17,15.98
2015-06-18,15.76
2015-06-19,15.45
2015-06-22,15.51
2015-06-23,15.48
2015-06-24,15.36
2015-06-25,15.23
2015-06-26,15.24
2015-06-29,15.28
2015-06-30,15.23
2015-07-01,15.0
2015-07-02,15.26
2015-07-03,15.16
2015-07-06,15.1
2015-07-07,15.03
2015-07-08,14.82
2015-07-10,15.2
2015-07-13,15.48
2015-07-14,15.46
2015-07-15,15.47
2015-07-16,15.36
2015-07-17,15.18
2015-07-20,15.17
2015-07-21,15.27
2015-07-22,14.84
2015-07-23,14.49
2015-07-24,14.22
2015-07-27,14.13
2015-07-28,14.08
2015-07-29,14.17
2015-07-30,14.01
2015-07-31,13.86
2015-08-03,13.66
2015-08-04,13.59
2015-08-05,13.51
2015-08-06,13.23
2015-08-07,13.3
2015-08-10,13.48
2015-08-11,13.22
2015-08-12,13.4
2015-08-13,13.34
2015-08-14,13.47
2015-08-17,13.46
2015-08-18,13.51
2015-08-19,13.48
2015-08-20,13.65
2015-08-21,13.45
2015-08-24,13.22
2015-08-25,13.04
2015-08-26,13.04
2015-08-27,13.25
2015-08-28,13.19
2015-08-31,12.97
2015-09-01,12.84
2015-09-02,12.72
2015-09-03,12.81
2015-09-04,12.57
2015-09-08,12.79
2015-09-09,13.02
2015-09-10,12.93
2015-09-11,13.0
2015-09-14,13.26
2015-09-15,13.16
2015-09-16,13.33
2015-09-17,13.31
2015-09-18,13.13
2015-09-21,13.15
2015-09-22,12.95
2015-09-23,12.77
2015-09-24,13.08
2015-09-25,13.43
2015-09-28,13.19
2015-09-29,13.38
2015-09-30,13.69
2015-10-01,13.99
2015-10-02,14.26
2015-10-05,14.64
2015-10-06,15.2
2015-10-07,15.43
2015-10-08,15.94
2015-10-09,16.37
2015-10-13,16.16
2015-10-14,16.73
2015-10-15,16.97
2015-10-16,17.01
2015-10-19,16.83
2015-10-20,17.17
2015-10-21,17.25
2015-10-22,17.41
2015-10-23,17.91
2015-10-26,18.11
2015-10-27,18.28
2015-10-28,18.39
2015-10-29,18.81
2015-10-30,19.01
2015-11-03,19.59
2015-11-04,19.45
2015-11-05,19.72
2015-11-06,19.82
2015-11-09,19.74
2015-11-10,19.92
2015-11-11,20.15
2015-11-12,20.2
2015-11-13,19.99
2015-11-16,20.18
2015-11-17,20.19
2015-11-18,20.39
2015-11-19,20.68
2015-11-23,20.77
2015-11-24,21.01
2015-11-25,20.76
2015-11-26,20.78
2015-11-27,20.57
2015-11-30,20.18
2015-12-01,20.32
2015-12-02,20.42
2015-12-03,20.98
2015-12-04,21.22
2015-12-07,21.12
2015-12-08,20.89
2015-12-09,21.3
2015-12-10,20.98
2015-12-11,20.74
2015-12-14,20.76
2015-12-15,20.88
2015-12-16,20.75
2015-12-17,20.9
2015-12-18,20.7
2015-12-21,20.32
2015-12-22,20.45
2015-12-23,20.69
2015-12-28,21.19
2015-12-29,21.2
2015-12-30,20.75
2016-01-04,20.42
2016-01-05,20.81
2016-01-06,20.6
2016-01-07,20.51
2016-01-08,20.56
2016-01-11,20.62
2016-01-12,20.8
2016-01-13,21.1
2016-01-14,21.03
2016-01-15,20.86
2016-01-18,20.98
2016-01-19,20.87
2016-01-20,20.55
2016-01-21,20.41
2016-01-22,20.57
2016-01-25,20.5
2016-01-26,20.5
2016-01-27,20.33
2016-01-28,20.49
2016-01-29,20.71
2016-02-01,20.91
2016-02-02,20.72
2016-02-03,21.01
2016-02-04,21.13
2016-02-05,21.03
2016-02-10,20.84
2016-02-11,20.57
2016-02-12,20.42
2016-02-15,20.39
2016-02-16,20.02
2016-02-17,20.31
2016-02-18,20.01
2016-02-19,20.0
2016-02-22,20.55
2016-02-23,20.4
2016-02-24,20.27
2016-02-25,20.23
2016-02-26,19.99
2016-02-29,19.88
2016-03-01,20.03
2016-03-02,20.27
2016-03-03,20.61
2016-03-04,20.81
2016-03-07,20.66
2016-03-08,20.84
2016-03-09,21.1
2016-03-10,21.5
2016-03-11,21.59
2016-03-14,21.38
2016-03-15,20.66
2016-03-16,20.53
2016-03-17,21.01
2016-03-18,21.25
2016-03-21,21.23
2016-03-22,21.31
2016-03-23,20.78
2016-03-24,20.82
2016-03-28,21.17
2016-03-29,21.11
2016-03-30,21.18
2016-03-31,21.27
2016-04-01,21.47
2016-04-04,21.21
2016-04-05,20.85
2016-04-06,20.88
2016-04-07,20.68
2016-04-08,21.12
2016-04-11,21.64
2016-04-12,21.6
2016-04-13,21.74
2016-04-14,21.71
2016-04-15,21.59
2016-04-18,21.22
2016-04-19,21.5
2016-04-20,21.42
2016-04-22,21.23
2016-04-25,21.48
2016-04-26,21.63
2016-04-27,21.54
2016-04-28,21.58
2016-04-29,21.86
2016-05-02,21.62
2016-05-03,21.0
2016-05-04,21.26
2016-05-05,21.19
2016-05-06,21.53
2016-05-09,21.41
2016-05-10,21.68
2016-05-11,21.83
2016-05-12,21.65
2016-05-13,21.27
2016-05-16,21.58
2016-05-17,21.63
2016-05-18,21.27
2016-05-19,21.22
2016-05-20,21.48
2016-05-23,21.31
2016-05-24,21.22
2016-05-25,21.19
2016-05-27,21.18
2016-05-30,21.52
2016-05-31,21.36
2016-06-01,21.56
2016-06-02,21.84
2016-06-03,22.4
2016-06-06,22.86
2016-06-07,23.26
2016-06-08,24.01
2016-06-09,24.24
2016-06-10,24.09
2016-06-13,23.89
2016-06-14,24.1
2016-06-15,24.33
2016-06-16,24.47
2016-06-17,24.92
2016-06-20,25.33
2016-06-21,25.45
2016-06-22,25.64
2016-06-23,25.94
2016-06-24,25.91
2016-06-27,25.7
2016-06-28,26.53
2016-06-29,27.24
2016-06-30,27.34
2016-07-01,27.21
2016-07-04,26.96
2016-07-05,26.74
2016-07-06,26.28
2016-07-07,26.1
2016-07-08,26.46
2016-07-11,26.26
2016-07-12,26.22
2016-07-13,26.28
2016-07-14,26.49
2016-07-15,26.57
2016-07-18,26.43
2016-07-19,26.44
2016-07-20,26.5
2016-07-21,26.37
2016-07-22,26.62
2016-07-25,26.23
2016-07-26,26.29
2016-07-27,26.26
2016-07-28,26.15
2016-07-29,26.51
2016-08-01,26.07
2016-08-02,26.11
2016-08-03,26.35
2016-08-04,26.79
2016-08-05,27.07
2016-08-08,27.04
2016-08-09,27.32
2016-08-10,27.51
2016-08-11,27.31
2016-08-12,26.96
2016-08-15,27.08
2016-08-16,27.16
2016-08-17,26.8
2016-08-18,26.44
2016-08-19,26.66
2016-08-22,26.77
2016-08-23,26.63
2016-08-24,26.74
2016-08-25,26.61
2016-08-26,26.53
2016-08-29,26.66
2016-08-30,26.64
2016-08-31,26.69
2016-09-01,26.61
2016-09-02,26.39
2016-09-05,26.28
2016-09-06,26.73
2016-09-08,26.95
2016-09-09,26.36
2016-09-12,26.7
2016-09-13,26.15
2016-09-14,25.71
2016-09-15,26.07
2016-09-16,26.29
2016-09-19,26.43
2016-09-20,26.58
2016-09-21,27.02
2016-09-22,27.38
2016-09-23,27.39
2016-09-26,27.44
2016-09-27,27.87
2016-09-28,28.38
2016-09-29,29.03
2016-09-30,29.13
2016-10-03,29.44
2016-10-04,29.0
2016-10-05,29.52
2016-10-06,29.62
2016-10-07,30.01
2016-10-10,30.1
2016-10-11,30.34
2016-10-13,30.51
2016-10-14,30.47
2016-10-17,30.68
2016-10-18,30.91
2016-10-19,31.12
2016-10-20,31.41
2016-10-21,31.03
2016-10-24,31.85
2016-10-25,32.29
2016-10-26,32.03
2016-10-27,31.91
2016-10-28,31.57
2016-10-31,31.67
2016-11-01,31.08
2016-11-03,30.97
2016-11-04,31.23
2016-11-07,31.43
2016-11-08,31.62
2016-11-09,31.11
2016-11-10,29.68
2016-11-11,29.36
2016-11-14,28.84
2016-11-16,28.86
2016-11-17,28.76
2016-11-18,28.95
2016-11-21,29.1
2016-11-22,28.68
2016-11-23,28.3
2016-11-24,28.13
2016-11-25,27.85
2016-11-28,28.19
2016-11-29,27.8
2016-11-30,27.91
2016-12-01,27.06
2016-12-02,27.23
2016-12-05,27.33
2016-12-06,27.51
2016-12-07,27.42
2016-12-08,27.49
2016-12-09,27.56
2016-12-12,27.7
2016-12-13,27.66
2016-12-14,27.46
2016-12-15,27.34
2016-12-16,27.12
2016-12-19,27.08
2016-12-20,27.31
2016-12-21,27.27
2016-12-22,27.48
2016-12-23,27.76
2016-12-26,27.63
2016-12-27,27.85
2016-12-28,27.6
2016-12-29,27.82
2017-01-02,27.37
2017-01-03,27.59
2017-01-04,27.74
2017-01-05,27.83
2017-01-06,27.68
2017-01-09,27.94
2017-01-10,27.99
2017-01-11,27.93
2017-01-12,28.1
2017-01-13,27.62
2017-01-16,27.36
2017-01-17,27.44
2017-01-18,27.4
2017-01-19,27.47
2017-01-20,27.49
2017-01-23,27.45
2017-01-24,27.46
2017-01-25,27.28
2017-01-26,27.02
2017-01-27,27.19
2017-01-30,27.57
2017-01-31,27.22
2017-02-01,26.91
2017-02-02,27.21
2017-02-03,27.11
2017-02-06,27.1
2017-02-07,26.95
2017-02-08,26.91
2017-02-09,26.56
2017-02-10,26.89
2017-02-13,26.8
2017-02-14,26.87
2017-02-15,27.18
2017-02-16,26.88
2017-02-17,26.75
2017-02-20,26.62
2017-02-21,26.51
2017-02-22,26.7
2017-02-23,26.8
2017-02-24,26.16
2017-03-01,26.1
2017-03-02,25.69
2017-03-03,25.8
2017-03-06,25.74
2017-03-07,25.62
2017-03-08,25.02
2017-03-09,24.67
2017-03-10,24.96
2017-03-13,24.68
2017-03-14,24.55
2017-03-15,25.03
2017-03-16,24.9
2017-03-17,24.85
2017-03-20,24.86
2017-03-21,24.75
2017-03-22,24.85
2017-03-23,24.52
2017-03-24,24.56
2017-03-27,24.13
2017-03-28,23.68
2017-03-29,23.97
2017-03-30,23.52
2017-03-31,23.66
2017-04-03,23.85
2017-04-04,24.04
2017-04-05,23.96
2017-04-06,23.4
2017-04-07,23.32
2017-04-10,23.51
2017-04-11,23.44
2017-04-12,23.48
2017-04-13,23.46
2017-04-17,23.72
2017-04-18,23.5
2017-04-19,23.43
2017-04-20,23.42
2017-04-24,23.82
2017-04-25,23.73
2017-04-26,23.74
2017-04-27,23.89
2017-04-28,24.12
2017-05-02,24.43
2017-05-03,24.49
2017-05-04,24.05
2017-05-05,24.11
2017-05-08,24.04
2017-05-09,24.13
2017-05-10,24.25
2017-05-11,24.2
2017-05-12,24.42
2017-05-15,24.49
2017-05-16,24.6
2017-05-17,24.5
2017-05-18,22.6
2017-05-19,23.47
2017-05-22,23.45
2017-05-23,23.74
2017-05-24,23.81
2017-05-25,23.61
2017-05-26,23.73
2017-05-29,23.83
2017-05-30,23.83
2017-05-31,24.01
2017-06-01,23.83
2017-06-02,23.57
2017-06-05,23.16
2017-06-06,23.19
2017-06-07,22.98
2017-06-08,23.02
2017-06-09,22.75
2017-06-12,22.58
2017-06-13,22.52
2017-06-14,22.32
2017-06-16,22.33
2017-06-19,22.23
2017-06-20,21.57
2017-06-21,21.29
2017-06-22,21.08
2017-06-23,20.91
2017-06-26,20.68
2017-06-27,20.38
2017-06-28,20.48
2017-06-29,20.01
2017-06-30,19.52
2017-07-03,19.19
2017-07-04,19.07
2017-07-05,19.2
2017-07-06,19.18
2017-07-07,19.28
2017-07-10,19.51
2017-07-11,19.51
2017-07-12,19.81
2017-07-13,19.46
2017-07-14,19.63
2017-07-17,19.27
2017-07-18,19.2
2017-07-19,18.97
2017-07-20,19.01
2017-07-21,18.9
2017-07-24,18.8
2017-07-25,18.67
2017-07-26,18.71
2017-07-27,18.56
2017-07-28,18.65
2017-07-31,18.77
2017-08-01,18.58
2017-08-02,18.44
2017-08-03,18.37
2017-08-04,18.39
2017-08-07,18.31
2017-08-08,17.87
2017-08-09,17.48
2017-08-10,17.25
2017-08-11,17.31
2017-08-14,17.02
2017-08-15,17.0
2017-08-16,17.08
2017-08-17,16.8
2017-08-18,16.96
2017-08-21,16.82
2017-08-22,16.67
2017-08-23,16.84
2017-08-24,16.75
2017-08-25,16.69
2017-08-28,16.74
2017-08-29,16.77
2017-08-30,16.7
2017-08-31,16.61
2017-09-01,16.62
2017-09-04,16.67
2017-09-05,16.67
2017-09-06,16.77
2017-09-08,16.84
2017-09-11,16.84
2017-09-12,16.7
2017-09-13,16.85
2017-09-14,16.96
2017-09-15,16.89
2017-09-18,16.77
2017-09-19,16.7
2017-09-20,16.81
2017-09-21,16.71
2017-09-22,16.86
2017-09-25,16.64
2017-09-26,16.43
2017-09-27,16.41
2017-09-28,16.47
2017-09-29,16.67
2017-10-02,16.7
2017-10-03,16.83
2017-10-04,16.99
2017-10-05,16.91
2017-10-06,16.83
2017-10-09,16.66
2017-10-10,16.74
2017-10-11,16.85
2017-10-13,16.97
2017-10-16,17.02
2017-10-17,17.11
2017-10-18,17.28
2017-10-19,17.26
2017-10-20,17.28
2017-10-23,17.28
2017-10-24,17.16
2017-10-25,17.29
2017-10-26,17.25
2017-10-27,17.59
2017-10-30,17.43
2017-10-31,17.67
2017-11-01,17.87
2017-11-03,17.8
2017-11-06,18.48
2017-11-07,18.61
2017-11-08,18.89
2017-11-09,19.17
2017-11-10,19.41
2017-11-13,19.43
2017-11-14,19.67
2017-11-16,19.68
2017-11-17,20.06
2017-11-21,20.32
2017-11-22,20.44
2017-11-23,20.66
2017-11-24,20.69
2017-11-27,20.96
2017-11-28,21.12
2017-11-29,21.15
2017-11-30,21.09
2017-12-01,21.28
2017-12-04,21.5
2017-12-05,21.42
2017-12-06,21.34
2017-12-07,21.15
2017-12-08,21.18
2017-12-11,20.99
2017-12-12,20.64
2017-12-13,20.76
2017-12-14,20.59
2017-12-15,20.92
2017-12-18,21.03
2017-12-19,20.89
2017-12-20,20.57
2017-12-21,20.54
2017-12-22,20.15
2017-12-26,20.2
2017-12-27,20.41
2017-12-28,20.23
2018-01-02,20.63
2018-01-03,20.67
2018-01-04,20.79
2018-01-05,20.43
2018-01-08,20.23
2018-01-09,20.02
2018-01-10,19.94
2018-01-11,19.7
2018-01-12,19.55
2018-01-15,19.25
2018-01-16,18.7
2018-01-17,18.34
2018-01-18,18.21
2018-01-19,18.23
2018-01-22,18.2
2018-01-23,17.74
2018-01-24,17.81
2018-01-25,18.13
2018-01-26,17.91
2018-01-29,17.61
2018-01-30,17.68
2018-01-31,17.39
2018-02-01,17.43
2018-02-02,17.09
2018-02-05,16.86
2018-02-06,16.67
2018-02-07,16.48
2018-02-08,16.5
2018-02-09,16.44
2018-02-14,16.88
2018-02-15,16.4
2018-02-16,16.56
2018-02-19,16.39
2018-02-20,16.29
2018-02-21,16.08
2018-02-22,16.06
2018-02-23,15.96
2018-02-26,15.94
2018-02-27,15.63
2018-02-28,15.86
2018-03-01,15.73
2018-03-02,15.63
2018-03-05,15.84
2018-03-06,15.9
2018-03-07,15.85
2018-03-08,15.77
2018-03-09,15.75
2018-03-12,15.59
2018-03-13,15.68
2018-03-14,15.61
2018-03-15,15.3
2018-03-16,15.28
2018-03-19,15.43
2018-03-20,15.25
2018-03-21,15.45
2018-03-22,15.55
2018-03-23,15.6
2018-03-26,15.83
2018-03-27,15.71
2018-03-28,15.95
2018-03-29,16.18
2018-04-02,16.12
2018-04-03,16.04
2018-04-04,16.15
2018-04-05,16.18
2018-04-06,16.07
2018-04-09,16.01
2018-04-10,16.14
2018-04-11,16.29
2018-04-12,16.25
2018-04-13,16.01
2018-04-16,16.09
2018-04-17,16.24
2018-04-18,16.33
2018-04-19,16.36
2018-04-20,16.36
2018-04-23,16.24
2018-04-24,16.09
2018-04-25,15.9
2018-04-26,15.79
2018-04-27,15.85
2018-04-30,15.72
2018-05-02,15.62
2018-05-03,15.69
2018-05-04,15.76
2018-05-07,15.67
2018-05-08,15.46
2018-05-09,15.25
2018-05-10,15.17
2018-05-11,14.86
2018-05-14,14.53
2018-05-15,14.51
2018-05-16,14.43
2018-05-17,14.51
2018-05-18,14.32
2018-05-21,14.38
2018-05-22,14.52
2018-05-23,14.8
2018-05-24,14.92
2018-05-25,14.82
2018-05-28,14.82
2018-05-29,14.8
2018-05-30,14.9
2018-06-01,14.93
2018-06-04,15.33
2018-06-05,14.96
2018-06-06,14.79
2018-06-07,14.55
2018-06-08,15.46
2018-06-11,15.71
2018-06-12,15.52
2018-06-13,15.6
2018-06-14,15.21
2018-06-15,15.58
2018-06-18,15.61
2018-06-19,15.58
2018-06-20,15.19
2018-06-21,15.21
2018-06-22,15.41
2018-06-25,15.58
2018-06-26,15.36
2018-06-27,15.26
2018-06-28,15.09
2018-06-29,15.07
2018-07-02,14.97
2018-07-03,14.96
2018-07-04,14.79
2018-07-05,14.72
2018-07-06,14.61
2018-07-10,14.92
2018-07-11,14.48
2018-07-12,14.32
2018-07-13,14.36
2018-07-16,14.08
2018-07-17,14.18
2018-07-18,14.23
2018-07-19,13.92
2018-07-20,14.24
2018-07-23,14.11
2018-07-24,14.3
2018-07-25,14.54
2018-07-26,14.5
2018-07-27,14.19
2018-07-30,14.16
2018-07-31,13.93
2018-08-01,13.66
2018-08-02,13.46
2018-08-03,13.7
2018-08-06,13.82
2018-08-07,13.43
2018-08-08,13.29
2018-08-09,13.36
2018-08-10,13.17
2018-08-13,12.96
2018-08-14,12.93
2018-08-15,12.88
2018-08-16,12.77
2018-08-17,12.71
2018-08-20,12.77
2018-08-21,12.47
2018-08-22,12.57
2018-08-23,12.58
2018-08-24,12.78
2018-08-27,12.99
2018-08-28,12.98
2018-08-29,13.27
2018-08-30,13.12
2018-08-31,13.64
2018-09-03,13.52
2018-09-04,13.62
2018-09-05,13.9
2018-09-06,14.01
2018-09-10,14.37
2018-09-11,14.29
2018-09-12,14.35
2018-09-13,14.46
2018-09-14,14.79
2018-09-17,15.34
2018-09-18,15.26
2018-09-19,15.3
2018-09-20,15.37
2018-09-21,15.39
2018-09-24,15.15
2018-09-25,15.16
2018-09-26,15.48
2018-09-27,15.64
2018-09-28,15.49
2018-10-01,15.37
2018-10-02,15.66
2018-10-03,15.83
2018-10-04,16.0
2018-10-05,16.33
2018-10-08,16.78
2018-10-09,17.05
2018-10-10,16.92
2018-10-11,16.88
2018-10-15,17.26
2018-10-16,17.27
2018-10-17,17.4
2018-10-18,17.66
2018-10-19,17.77
2018-10-22,17.81
2018-10-23,17.47
2018-10-24,17.59
2018-10-25,18.03
2018-10-26,18.28
2018-10-29,17.97
2018-10-30,17.86
2018-10-31,17.77
2018-11-01,17.99
2018-11-05,17.83
2018-11-06,17.73
2018-11-07,18.0
2018-11-08,18.09
2018-11-09,18.19
2018-11-12,17.87
2018-11-13,17.54
2018-11-14,17.76
2018-11-16,17.96
2018-11-19,18.01
2018-11-21,17.91
2018-11-22,17.93
2018-11-23,17.85
2018-11-26,17.71
2018-11-27,17.73
2018-11-28,17.96
2018-11-29,17.88
2018-11-30,17.76
2018-12-03,18.11
2018-12-04,17.82
2018-12-05,17.72
2018-12-06,17.57
2018-12-07,17.64
2018-12-10,17.44
2018-12-11,17.42
2018-12-12,17.86
2018-12-13,17.67
2018-12-14,17.61
2018-12-17,17.66
2018-12-18,17.5
2018-12-19,17.71
2018-12-20,17.87
2018-12-21,17.63
2018-12-26,17.5
2018-12-27,17.5
2018-12-28,17.6
2019-01-02,17.87
2019-01-03,18.24
2019-01-04,18.43
2019-01-07,18.46
2019-01-08,18.54
2019-01-09,18.65
2019-01-10,18.42
2019-01-11,18.47
2019-01-14,18.57
2019-01-15,18.46
2019-01-16,18.52
2019-01-17,18.26
2019-01-18,18.38
2019-01-21,18.34
2019-01-22,18.17
2019-01-23,18.33
2019-01-24,18.21
2019-01-25,18.45
2019-01-28,18.35
2019-01-29,18.57
2019-01-30,18.62
2019-01-31,18.95
2019-02-01,19.05
2019-02-04,19.05
2019-02-05,19.18
2019-02-06,18.83
2019-02-07,18.88
2019-02-08,18.71
2019-02-11,18.56
2019-02-12,18.94
2019-02-13,18.62
2019-02-14,18.53
2019-02-15,18.47
2019-02-18,18.44
2019-02-19,18.2
2019-02-20,18.06
2019-02-21,17.82
2019-02-22,18.09
2019-02-25,17.9
2019-02-26,17.87
2019-02-27,17.34
2019-02-28,17.62
2019-03-01,17.61
2019-03-06,17.41
2019-03-07,17.28
2019-03-08,17.51
2019-03-11,17.7
2019-03-12,17.94
2019-03-13,17.76
2019-03-14,17.81
2019-03-15,18.1
2019-03-18,18.24
2019-03-19,18.0
2019-03-20,18.03
2019-03-21,17.75
2019-03-22,17.39
2019-03-25,17.44
2019-03-26,17.63
2019-03-27,17.23
2019-03-28,17.46
2019-03-29,17.58
2019-04-01,17.86
2019-04-02,17.77
2019-04-03,17.6
2019-04-04,17.56
2019-04-05,17.05
2019-04-08,17.21
2019-04-09,17.33
2019-04-10,17.51
2019-04-11,17.47
2019-04-12,17.45
2019-04-15,17.58
2019-04-16,17.57
2019-04-17,17.57
2019-04-18,17.76
2019-04-22,17.69
2019-04-23,17.69
2019-04-24,17.39
2019-04-25,17.67
2019-04-26,17.69
2019-04-29,17.82
2019-04-30,17.83
2019-05-02,17.64
2019-05-03,17.86
2019-05-06,17.86
2019-05-07,17.82
2019-05-08,17.98
2019-05-09,17.8
2019-05-10,17.88
2019-05-13,17.92
2019-05-14,17.89
2019-05-15,17.72
2019-05-16,17.36
2019-05-17,16.97
2019-05-20,17.01
2019-05-21,17.27
2019-05-22,16.91
2019-05-23,16.87
2019-05-24,16.84
2019-05-27,17.03
2019-05-28,16.67
2019-05-29,16.39
2019-05-30,16.55
2019-05-31,16.27
2019-06-03,16.3
2019-06-04,16.39
2019-06-05,16.14
2019-06-06,16.35
2019-06-07,16.39
2019-06-10,16.28
2019-06-11,16.25
2019-06-12,16.04
2019-06-13,16.19
2019-06-14,16.04
2019-06-17,16.13
2019-06-18,16.36
2019-06-19,16.37
2019-06-21,16.21
2019-06-24,16.41
2019-06-25,15.99
2019-06-26,15.91
2019-06-27,16.05
2019-06-28,16.02
2019-07-01,15.89
2019-07-02,15.91
2019-07-03,15.96
2019-07-04,16.02
2019-07-05,15.77
2019-07-08,15.76
2019-07-10,16.05
2019-07-11,16.12
2019-07-12,16.17
2019-07-15,16.11
2019-07-16,16.02
2019-07-17,15.99
2019-07-18,16.09
2019-07-19,15.93
2019-07-22,15.79
2019-07-23,15.53
2019-07-24,15.37
2019-07-25,15.22
2019-07-26,15.49
2019-07-29,15.56
2019-07-30,15.37
2019-07-31,15.44
2019-08-01,15.16
2019-08-02,15.07
2019-08-05,15.0
2019-08-06,15.03
2019-08-07,15.03
2019-08-08,15.2
2019-08-09,15.11
2019-08-12,15.2
2019-08-13,15.13
2019-08-14,14.94
2019-08-15,15.02
2019-08-16,14.97
2019-08-19,14.82
2019-08-20,14.92
2019-08-21,15.0
2019-08-22,14.7
2019-08-23,14.66
2019-08-26,14.66
2019-08-27,14.67
2019-08-28,14.66
2019-08-29,14.74
2019-08-30,14.83
2019-09-02,14.75
2019-09-03,14.68
2019-09-04,14.87
2019-09-05,14.63
2019-09-06,14.7
2019-09-09,14.75
2019-09-10,14.68
2019-09-11,14.8
2019-09-12,14.88
2019-09-13,14.66
2019-09-16,14.7
2019-09-17,14.91
2019-09-18,14.81
2019-09-19,14.55
2019-09-20,14.73
2019-09-23,14.67
2019-09-24,14.81
2019-09-25,14.95
2019-09-26,15.04
2019-09-27,15.08
2019-09-30,15.18
2019-10-01,15.31
2019-10-02,15.54
2019-10-03,15.79
2019-10-04,15.92
2019-10-07,15.77
2019-10-08,15.85
2019-10-09,15.85
2019-10-10,15.68
2019-10-11,15.9
2019-10-14,15.76
2019-10-15,15.69
2019-10-16,15.55
2019-10-17,15.69
2019-10-18,15.86
2019-10-21,15.9
2019-10-22,16.19
2019-10-23,16.25
2019-10-24,16.14
2019-10-25,16.42
2019-10-28,16.46
2019-10-29,16.27
2019-10-30,16.35
2019-10-31,16.25
2019-11-01,16.33
2019-11-04,16.37
2019-11-05,16.37
2019-11-06,16.1
2019-11-07,16.13
2019-11-08,15.91
2019-11-11,15.9
2019-11-12,15.81
2019-11-13,15.65
2019-11-14,15.67
2019-11-18,15.6
2019-11-19,15.67
2019-11-21,15.56
2019-11-22,15.69
2019-11-25,15.59
2019-11-26,15.51
2019-11-27,15.3
2019-11-28,15.64
2019-11-29,15.48
2019-12-02,15.66
2019-12-03,15.8
2019-12-04,15.97
2019-12-05,16.1
2019-12-06,16.44
2019-12-09,16.63
2019-12-10,16.44
2019-12-11,16.69
2019-12-12,17.24
2019-12-13,16.97
2019-12-16,17.39
2019-12-17,17.49
2019-12-18,17.73
2019-12-19,17.63
2019-12-20,17.64
2019-12-23,17.89
2019-12-26,18.23
2019-12-27,18.35
2019-12-30,18.24
2020-01-02,18.07
2020-01-03,18.14
2020-01-06,18.11
2020-01-07,18.19
2020-01-08,18.11
2020-01-09,17.75
2020-01-10,17.68
2020-01-13,17.56
2020-01-14,17.68
2020-01-15,17.58
2020-01-16,17.45
2020-01-17,17.66
2020-01-20,17.85
2020-01-21,17.79
2020-01-22,18.02
2020-01-23,18.2
2020-01-24,18.18
2020-01-27,18.18
2020-01-28,18.18
2020-01-29,18.05
2020-01-30,17.91
2020-01-31,17.69
2020-02-03,17.78
2020-02-04,17.88
2020-02-05,18.08
2020-02-06,18.02
2020-02-07,17.87
2020-02-10,17.87
2020-02-11,17.81
2020-02-12,17.65
2020-02-13,17.72
2020-02-14,18.22
2020-02-17,18.13
2020-02-18,18.16
2020-02-19,18.3
2020-02-20,18.34
2020-02-21,18.37
2020-02-26,18.27
2020-02-27,18.07
2020-02-28,18.01
2020-03-02,17.99
2020-03-03,18.03
2020-03-04,17.66
2020-03-05,17.28
2020-03-06,17.48
2020-03-09,16.89
2020-03-10,16.99
2020-03-11,16.76
2020-03-12,16.56
2020-03-13,16.53
2020-03-16,15.59
2020-03-17,15.5
2020-03-18,14.65
2020-03-19,15.12
2020-03-20,15.34
2020-03-23,15.12
2020-03-24,15.25
2020-03-25,15.32
2020-03-26,15.42
2020-03-27,15.09
2020-03-30,14.52
2020-03-31,14.56
2020-04-01,14.52
2020-04-02,14.59
2020-04-03,14.63
2020-04-06,14.86
2020-04-07,14.93
2020-04-08,15.29
2020-04-09,15.44
2020-04-13,15.3
2020-04-14,15.27
2020-04-15,14.94
2020-04-16,14.82
2020-04-17,14.87
2020-04-20,14.57
2020-04-22,14.28
2020-04-23,13.99
2020-04-24,13.5
2020-04-27,13.19
2020-04-28,13.69
2020-04-29,14.09
2020-04-30,13.94
2020-05-04,13.64
2020-05-05,13.35
2020-05-06,13.14
2020-05-07,12.62
2020-05-08,12.99
2020-05-11,12.87
2020-05-12,12.76
2020-05-13,12.6
2020-05-14,12.7
2020-05-15,12.66
2020-05-18,12.9
2020-05-19,12.84
2020-05-20,13.21
2020-05-21,13.52
2020-05-22,13.39
2020-05-25,13.39
2020-05-26,13.94
2020-05-27,14.22
2020-05-28,14.18
2020-05-29,14.38
2020-06-01,14.28
2020-06-02,14.6
2020-06-03,14.94
2020-06-04,14.88
2020-06-05,15.56
2020-06-08,15.61
2020-06-09,15.77
2020-06-10,15.58
2020-06-12,15.09
2020-06-15,14.7
2020-06-16,14.53
2020-06-17,14.49
2020-06-18,14.2
2020-06-19,14.4
2020-06-22,14.51
2020-06-23,14.93
2020-06-24,14.24
2020-06-25,14.04
2020-06-26,13.9
2020-06-29,14.05
2020-06-30,13.99
2020-07-01,14.32
2020-07-02,14.29
2020-07-03,14.3
2020-07-06,14.34
2020-07-07,14.08
2020-07-08,14.4
2020-07-09,14.45
2020-07-10,14.52
2020-07-13,14.43
2020-07-14,14.5
2020-07-15,14.36
2020-07-16,14.61
2020-07-17,14.34
2020-07-20,14.44
2020-07-21,14.86
2020-07-22,15.2
2020-07-23,14.97
2020-07-24,15.07
2020-07-27,15.16
2020-07-28,15.15
2020-07-29,15.19
2020-07-30,15.13
2020-07-31,15.05
2020-08-03,14.82
2020-08-04,15.03
2020-08-05,14.86
2020-08-06,14.79
2020-08-07,14.61
2020-08-10,14.57
2020-08-11,14.66
2020-08-12,14.65
2020-08-13,14.97
2020-08-14,15.0
2020-08-17,14.69
2020-08-18,14.91
2020-08-19,14.81
2020-08-20,14.81
2020-08-21,14.79
2020-08-24,14.85
2020-08-25,15.11
2020-08-26,15.02
2020-08-27,15.14
2020-08-28,15.61
2020-08-31,15.55
2020-09-01,15.8
2020-09-02,15.94
2020-09-03,16.15
2020-09-04,16.16
2020-09-08,16.01
2020-09-09,16.37
2020-09-10,16.09
2020-09-11,16.12
2020-09-14,16.26
2020-09-15,16.35
2020-09-16,16.5
2020-09-17,16.45
2020-09-18,16.2
2020-09-21,15.93
2020-09-22,15.79
2020-09-23,15.56
2020-09-24,15.88
2020-09-25,15.88
2020-09-28,15.66
2020-09-29,15.65
2020-09-30,15.76
2020-10-01,15.8
2020-10-02,15.82
2020-10-05,16.04
2020-10-06,16.1
2020-10-07,16.07
2020-10-08,16.23
2020-10-09,16.33
2020-10-13,16.22
2020-10-14,16.21
2020-10-15,16.3
2020-10-16,16.25
2020-10-19,16.54
2020-10-20,16.89
2020-10-21,16.91
2020-10-22,17.14
2020-10-23,17.31
2020-10-26,17.59
2020-10-27,17.48
2020-10-28,17.48
2020-10-29,17.46
2020-10-30,17.5
2020-11-03,17.53
2020-11-04,18.04
2020-11-05,18.43
2020-11-06,19.16
2020-11-09,19.07
2020-11-10,19.39
2020-11-11,19.42
2020-11-12,19.17
2020-11-13,19.2
2020-11-16,19.43
2020-11-17,19.93
2020-11-18,20.15
2020-11-19,20.29
2020-11-20,20.12
2020-11-23,19.99
2020-11-24,20.23
2020-11-25,20.58
2020-11-26,20.56
2020-11-27,20.62
2020-11-30,20.7
2020-12-01,20.88
2020-12-02,20.58
2020-12-03,21.23
2020-12-04,21.51
2020-12-07,21.82
2020-12-08,21.61
2020-12-09,21.42
2020-12-10,22.23
2020-12-11,20.88
2020-12-14,21.2
2020-12-15,21.5
2020-12-16,20.93
2020-12-17,21.19
2020-12-18,21.13
2020-12-21,21.09
2020-12-22,20.93
2020-12-23,20.69
2020-12-28,20.76
2020-12-29,20.95
2020-12-30,20.75
2021-01-04,20.3
2021-01-05,20.58
2021-01-06,20.32
2021-01-07,19.75
2021-01-08,19.58
2021-01-11,19.25
2021-01-12,19.77
2021-01-13,19.73
2021-01-14,20.09
2021-01-15,19.68
2021-01-18,19.66
2021-01-19,19.61
2021-01-20,19.73
2021-01-21,20.05
2021-01-22,19.67
2021-01-25,19.35
2021-01-26,20.15
2021-01-27,19.89
2021-01-28,19.91
2021-01-29,19.81
2021-02-01,20.02
2021-02-02,20.26
2021-02-03,20.22
2021-02-04,19.72
2021-02-05,19.86
2021-02-08,19.74
2021-02-09,19.68
2021-02-10,19.66
2021-02-11,19.6
2021-02-12,19.51
2021-02-17,19.56
2021-02-18,19.73
2021-02-19,19.98
2021-02-22,20.05
2021-02-23,20.09
2021-02-24,20.34
2021-02-25,19.95
2021-02-26,19.58
2021-03-01,19.82
2021-03-02,19.49
2021-03-03,19.21
2021-03-04,19.11
2021-03-05,18.76
2021-03-08,18.58
2021-03-09,18.72
2021-03-10,18.8
2021-03-11,19.5
2021-03-12,19.22
2021-03-15,18.59
2021-03-16,19.07
2021-03-17,19.4
2021-03-18,19.38
2021-03-19,19.32
2021-03-22,19.35
2021-03-23,19.6
2021-03-24,19.33
2021-03-25,18.76
2021-03-26,18.83
2021-03-29,18.75
2021-03-30,18.59
2021-03-31,18.52
2021-04-01,18.36
2021-04-05,18.5
2021-04-06,18.87
2021-04-07,18.63
2021-04-08,19.1
2021-04-09,18.76
2021-04-12,18.39
2021-04-13,18.54
2021-04-14,18.73
2021-04-15,19.03
2021-04-16,19.38
2021-04-19,19.69
2021-04-20,19.8
2021-04-22,20.25
2021-04-23,20.2
2021-04-26,20.61
2021-04-27,20.48
2021-04-28,20.69
2021-04-29,20.76
2021-04-30,20.77
2021-05-03,20.93
2021-05-04,20.89
2021-05-05,21.34
2021-05-06,21.54
2021-05-07,21.87
2021-05-10,22.05
2021-05-11,21.91
2021-05-12,21.76
2021-05-13,21.69
2021-05-14,21.83
2021-05-17,21.97
2021-05-18,21.92
2021-05-19,21.54
2021-05-20,21.83
2021-05-21,21.7
2021-05-24,21.87
2021-05-25,21.81
2021-05-26,21.83
2021-05-27,21.97
2021-05-28,22.23
2021-05-31,22.16
2021-06-01,22.54
2021-06-02,22.85
2021-06-04,23.19
2021-06-07,23.14
2021-06-08,23.07
2021-06-09,23.06
2021-06-10,23.15
2021-06-11,22.58
2021-06-14,23.05
2021-06-15,23.25
2021-06-16,23.3
2021-06-17,23.44
2021-06-18,22.76
2021-06-21,22.75
2021-06-22,23.37
2021-06-23,23.34
2021-06-24,23.87
2021-06-25,23.67
2021-06-28,23.93
2021-06-29,23.28
2021-06-30,22.84
2021-07-01,22.75
2021-07-02,22.94
2021-07-05,22.99
2021-07-06,22.29
2021-07-07,22.09
2021-07-08,21.96
2021-07-12,22.52
2021-07-13,22.32
2021-07-14,22.78
2021-07-15,22.38
2021-07-16,22.56
2021-07-19,22.24
2021-07-20,22.33
2021-07-21,22.53
2021-07-22,22.54
2021-07-23,22.42
2021-07-26,22.73
2021-07-27,22.62
2021-07-28,22.99
2021-07-29,23.24
2021-07-30,22.61
2021-08-02,23.02
2021-08-03,23.11
2021-08-04,23.28
2021-08-05,23.16
2021-08-06,23.01
2021-08-09,22.83
2021-08-10,23.42
2021-08-11,23.45
2021-08-12,23.9
2021-08-13,23.94
2021-08-16,24.48
2021-08-17,24.63
2021-08-18,24.43
2021-08-19,24.73
2021-08-20,24.81
2021-08-23,25.02
2021-08-24,25.71
2021-08-25,26.05
2021-08-26,25.96
2021-08-27,26.4
2021-08-30,26.28
2021-08-31,26.54
2021-09-01,26.48
2021-09-02,26.58
2021-09-03,26.62
2021-09-06,26.97
2021-09-08,26.35
2021-09-09,26.5
2021-09-10,26.6
2021-09-13,27.18
2021-09-14,27.11
2021-09-15,26.96
2021-09-16,27.04
2021-09-17,26.6
2021-09-20,26.97
2021-09-21,27.18
2021-09-22,27.13
2021-09-23,27.4
2021-09-24,26.51
2021-09-27,26.71
2021-09-28,26.6
2021-09-29,26.63
2021-09-30,26.21
2021-10-01,26.68
2021-10-04,26.11
2021-10-05,26.12
2021-10-06,26.13
2021-10-07,26.12
2021-10-08,26.28
2021-10-11,26.15
2021-10-13,26.8
2021-10-14,27.15
2021-10-15,27.52
2021-10-18,27.1
2021-10-19,26.24
2021-10-20,26.59
2021-10-21,26.21
2021-10-22,26.38
2021-10-25,26.94
2021-10-26,26.71
2021-10-27,26.81
2021-10-28,26.98
2021-10-29,27.07
2021-11-01,26.99
2021-11-03,27.1
2021-11-04,27.05
2021-11-05,27.92
2021-11-08,27.65
2021-11-09,27.74
2021-11-10,27.65
2021-11-11,28.33
2021-11-12,28.55
2021-11-16,28.14
2021-11-17,27.97
2021-11-18,27.87
2021-11-19,27.73
2021-11-22,27.63
2021-11-23,27.37
2021-11-24,27.44
2021-11-25,27.65
2021-11-26,27.51
2021-11-29,27.35
2021-11-30,27.32
2021-12-01,27.32
2021-12-02,27.57
2021-12-03,27.35
2021-12-06,27.28
2021-12-07,27.69
2021-12-08,28.08
2021-12-09,27.48
2021-12-10,27.68
2021-12-13,27.34
2021-12-14,26.94
2021-12-15,26.99
2021-12-16,27.74
2021-12-17,27.18
2021-12-20,26.67
2021-12-21,27.01
2021-12-22,27.38
2021-12-23,27.59
2021-12-27,27.59
2021-12-28,27.56
2021-12-29,27.19
2021-12-30,27.19
2022-01-03,27.35
2022-01-04,26.55
2022-01-05,27.06
2022-01-06,26.93
2022-01-07,27.15
2022-01-10,26.68
2022-01-11,27.31
2022-01-12,27.51
2022-01-13,27.71
2022-01-14,27.73
2022-01-17,27.25
2022-01-18,27.15
2022-01-19,27.72
2022-01-20,28.1
2022-01-21,27.78
2022-01-24,27.56
2022-01-25,27.27
2022-01-26,27.77
2022-01-27,27.73
2022-01-28,27.63
2022-01-31,27.73
2022-02-01,28.06
2022-02-02,27.73
2022-02-03,27.36
2022-02-04,27.47
2022-02-07,27.88
2022-02-08,27.69
2022-02-09,28.22
2022-02-10,27.76
2022-02-11,28.44
2022-02-14,28.47
2022-02-15,28.77
2022-02-16,28.37
2022-02-17,28.68
2022-02-18,28.35
2022-02-21,28.36
2022-02-22,28.11
2022-02-23,27.85
2022-02-24,26.62
2022-02-25,25.74
2022-03-02,26.03
2022-03-03,26.03
2022-03-04,26.64
2022-03-07,26.54
2022-03-08,26.58
2022-03-09,27.24
2022-03-10,27.3
2022-03-11,27.06
2022-03-14,26.49
2022-03-15,26.49
2022-03-16,26.97
2022-03-17,27.44
2022-03-18,27.25
2022-03-21,28.14
2022-03-22,28.33
2022-03-23,28.79
2022-03-24,28.87
2022-03-25,29.47
2022-03-28,29.47
2022-03-29,29.53
2022-03-30,29.45
